VIDEO_URL,tagging,merged_tagging,quality,creativity,awareness,mrbeast,arborday,teamtrees_org,noteble_youtuber,noteble_entrepreneur,mention_count
https://www.youtube.com/embed/HPJKxAhLw5I?autoplay=0,planting_trees,Participation,4.666666666666667,4.666666666666667,4.666666666666667,y,y,y,n,n,3
https://www.youtube.com/embed/VI7MYfHCavw?autoplay=0,spread_word,Connection_comment,4,4,2.6666666666666665,y,n,n,n,n,1
https://www.youtube.com/embed/MgEhzCo_32s?autoplay=0,live_stream_stat,Connection_comment,4,4,3.3333333333333335,y,y,y,n,n,3
https://www.youtube.com/embed/-cPdImejxEQ?autoplay=0,knowledge,Creation,4.333333333333333,4.333333333333333,4.333333333333333,n,n,y,n,n,1
https://www.youtube.com/embed/w4lOOI16Gd4?autoplay=0,comment_news,Connection_comment,4.666666666666667,4,4.666666666666667,y,y,y,n,y,4
https://www.youtube.com/embed/0lbAn92stvk?autoplay=0,spread_word,Connection_comment,3.6666666666666665,3.6666666666666665,3.6666666666666665,y,y,y,y,n,4
https://www.youtube.com/embed/U7nJBFjKqAY?autoplay=0,planting_trees,Participation,5,5,5,y,n,y,y,n,3
https://www.youtube.com/embed/mlLl8eFJgkU?autoplay=0,theme_creation_performance,Creation,4.666666666666667,4.666666666666667,4.333333333333333,n,n,y,n,n,1
https://www.youtube.com/embed/bxOeVuDaZJI?autoplay=0,theme_creation_performance,Creation,2,2.6666666666666665,2.3333333333333335,n,n,y,n,n,1
https://www.youtube.com/embed/Pm9rxDSArhQ?autoplay=0,spread_word,Connection_comment,3.6666666666666665,3,3.3333333333333335,y,y,y,n,y,4
https://www.youtube.com/embed/Kv3cYKCUoKM?autoplay=0,spread_word,Connection_comment,4,3.6666666666666665,4,y,n,y,n,n,2
https://www.youtube.com/embed/_evx4uC0Iq4?autoplay=0,spread_word,Connection_comment,3.3333333333333335,4,3.3333333333333335,y,n,y,y,n,3
https://www.youtube.com/embed/W1bfcLnrsDc?autoplay=0,not_recognized,Other,4.666666666666667,4,3.3333333333333335,y,y,y,n,n,3
https://www.youtube.com/embed/qYnSGx8ABf8?autoplay=0,spread_word,Connection_comment,4.333333333333333,4.333333333333333,4.333333333333333,y,n,y,n,n,2
https://www.youtube.com/embed/X-Z8ALICSxA?autoplay=0,live_stream_stat,Connection_comment,4,3.6666666666666665,3.3333333333333335,y,n,n,n,n,1
https://www.youtube.com/embed/NG6qRvbj4UU?autoplay=0,theme_creation_performance,Creation,4.333333333333333,5,4.666666666666667,y,y,y,y,n,4
https://www.youtube.com/embed/MqH8WtR5hWs?autoplay=0,theme_creation_performance,Creation,4.666666666666667,4,3.6666666666666665,n,n,y,n,n,1
https://www.youtube.com/embed/7bsuXsxX950?autoplay=0,knowledge,Creation,4,4.333333333333333,4,n,y,y,y,n,3
https://www.youtube.com/embed/0k7tgk-5iKo?autoplay=0,live_stream_stat,Connection_comment,4.666666666666667,4,4.333333333333333,y,n,y,y,y,4
https://www.youtube.com/embed/qfemCDzT6uY?autoplay=0,live_stream_game,Creation,3.3333333333333335,3,4,y,y,y,y,y,5
https://www.youtube.com/embed/pLL4yPpTCBA?autoplay=0,knowledge,Creation,4.666666666666667,4.666666666666667,4.333333333333333,y,y,y,n,n,3
https://www.youtube.com/embed/7EY-C4G8bPU?autoplay=0,planting_trees,Participation,4,3.6666666666666665,4.333333333333333,y,n,y,n,n,2
https://www.youtube.com/embed/ZsWFVEs3GHQ?autoplay=0,theme_creation_performance,Creation,4.333333333333333,4.666666666666667,4,y,y,y,n,n,3
https://www.youtube.com/embed/hT0uqXlZ70A?autoplay=0,live_stream_game,Creation,3,2.6666666666666665,3.3333333333333335,y,n,n,n,n,1
https://www.youtube.com/embed/w5r2fq-uq48?autoplay=0,knowledge,Creation,3.3333333333333335,3.6666666666666665,3.3333333333333335,n,n,n,n,n,0
https://www.youtube.com/embed/nrCXdQiIx9A?autoplay=0,spread_word,Connection_comment,3.6666666666666665,3.6666666666666665,4.333333333333333,n,n,y,n,n,1
https://www.youtube.com/embed/r98lt_ud8k0?autoplay=0,planting_trees,Participation,4.333333333333333,4,4.333333333333333,y,n,y,n,n,2
https://www.youtube.com/embed/mUb65tbOtoI?autoplay=0,theme_creation_performance,Creation,3.3333333333333335,3.3333333333333335,3.6666666666666665,n,n,y,n,n,1
https://www.youtube.com/embed/_yKFJm75qO0?autoplay=0,live_stream_game,Creation,4,4,3.6666666666666665,y,n,n,y,n,2
https://www.youtube.com/embed/_zT8aOvNLaY?autoplay=0,theme_creation_performance,Creation,4,3.6666666666666665,4,n,y,y,n,n,2
https://www.youtube.com/embed/WKf5SmWuT-Q?autoplay=0,planting_trees,Participation,4.333333333333333,4,4.333333333333333,y,y,y,n,n,3
https://www.youtube.com/embed/QdTcT2bYWhM?autoplay=0,theme_creation_object,Creation,4,4.666666666666667,3.6666666666666665,y,y,y,n,n,3
https://www.youtube.com/embed/ur20uBEDEKQ?autoplay=0,theme_creation_performance,Creation,4,4.333333333333333,4.333333333333333,y,n,n,n,n,1
https://www.youtube.com/embed/dTqotMJYcMQ?autoplay=0,live_stream_game,Creation,4,4.333333333333333,3.6666666666666665,n,y,y,n,n,2
https://www.youtube.com/embed/c7zizaxZKDQ?autoplay=0,planting_trees,Participation,4,3.3333333333333335,3.6666666666666665,y,y,y,n,n,3
https://www.youtube.com/embed/iCZB0kCCgYo?autoplay=0,knowledge,Creation,4.333333333333333,4.333333333333333,4.666666666666667,y,n,n,n,n,1
https://www.youtube.com/embed/5wzFCBZrxd4?autoplay=0,theme_creation_performance,Creation,3,4.333333333333333,3.3333333333333335,n,n,y,n,n,1
https://www.youtube.com/embed/smGmC-o4CvU?autoplay=0,knowledge,Creation,4.333333333333333,4,4.333333333333333,n,y,n,n,n,1
https://www.youtube.com/embed/FfjycKKp6Oc?autoplay=0,donating,Participation,3.3333333333333335,3.6666666666666665,3.6666666666666665,n,y,y,n,n,2
https://www.youtube.com/embed/Gml2cjfoq_Y?autoplay=0,donating,Participation,4.333333333333333,4.333333333333333,4.333333333333333,y,n,y,y,n,3
https://www.youtube.com/embed/wpCKfvlnRmo?autoplay=0,theme_creation_performance,Creation,3.6666666666666665,3.6666666666666665,3.6666666666666665,n,n,y,n,n,1
https://www.youtube.com/embed/HgfJ-nMP2J8?autoplay=0,spread_word,Connection_comment,3.3333333333333335,2.6666666666666665,3.6666666666666665,y,y,y,n,y,4
https://www.youtube.com/embed/g6u6N7mj7Yc?autoplay=0,theme_creation_performance,Creation,4.333333333333333,4.333333333333333,3.6666666666666665,y,y,y,n,n,3
https://www.youtube.com/embed/zIyshL3PdD4?autoplay=0,spread_word,Connection_comment,3,2.6666666666666665,3.6666666666666665,y,n,y,n,n,2
https://www.youtube.com/embed/HhceJ5xxl-4?autoplay=0,knowledge,Creation,4,3.6666666666666665,4,n,n,n,n,n,0
https://www.youtube.com/embed/pDkDExI6cRg?autoplay=0,planting_trees,Participation,4.333333333333333,4.333333333333333,4.333333333333333,n,n,y,n,n,1
https://www.youtube.com/embed/q7XJ7CQwcfk?autoplay=0,live_stream_game,Creation,3,3,2.3333333333333335,n,y,y,n,n,2
https://www.youtube.com/embed/NqvrWWCJ28A?autoplay=0,live_stream_game,Creation,3.6666666666666665,4,3.6666666666666665,y,y,y,n,n,3
https://www.youtube.com/embed/0eqSMC-Ndtk?autoplay=0,planting_trees,Participation,3.3333333333333335,3.6666666666666665,3.6666666666666665,n,n,n,n,n,0
https://www.youtube.com/embed/XFxPPWpzNd4?autoplay=0,planting_trees,Participation,4,4,4,y,y,y,y,y,5
https://www.youtube.com/embed/MkJJLU6yacI?autoplay=0,theme_creation_performance,Creation,3.6666666666666665,3.6666666666666665,3.3333333333333335,n,y,y,n,n,2
https://www.youtube.com/embed/d2f0S4GPMus?autoplay=0,live_stream_game,Creation,4.333333333333333,4,4.333333333333333,n,y,y,y,n,3
https://www.youtube.com/embed/16kOHOuijnc?autoplay=0,theme_creation_object,Creation,4.333333333333333,4.666666666666667,4,y,n,y,y,n,3
https://www.youtube.com/embed/C7EguktQ_eo?autoplay=0,spread_word,Connection_comment,4,3.6666666666666665,4.333333333333333,n,y,y,n,n,2
https://www.youtube.com/embed/43-CpsLHx7w?autoplay=0,spread_word,Connection_comment,2.6666666666666665,3,3,n,n,y,n,n,1
https://www.youtube.com/embed/1zP5ejGTUX0?autoplay=0,theme_creation_performance,Creation,3.6666666666666665,3.6666666666666665,3.6666666666666665,n,y,y,n,n,2
https://www.youtube.com/embed/Kvy4c-Vab_Y?autoplay=0,live_stream_game,Creation,4.333333333333333,3.3333333333333335,4,y,y,y,y,n,4
https://www.youtube.com/embed/6dzeb90a18w?autoplay=0,planting_trees,Participation,4.333333333333333,4.333333333333333,4.333333333333333,n,n,y,n,n,1
https://www.youtube.com/embed/gb3iEfNyn9E?autoplay=0,theme_creation_performance,Creation,4,4.333333333333333,4.333333333333333,n,n,y,n,y,2
https://www.youtube.com/embed/3JBwSJkfiHw?autoplay=0,live_stream_game,Creation,3.6666666666666665,3.3333333333333335,3.6666666666666665,y,y,y,n,n,3
https://www.youtube.com/embed/ALecFekVo8A?autoplay=0,theme_creation_performance,Creation,3.3333333333333335,3.6666666666666665,3,n,n,y,n,n,1
https://www.youtube.com/embed/-665K6Mu6os?autoplay=0,live_stream_stat,Connection_comment,3,3,3.6666666666666665,n,n,n,y,n,1
https://www.youtube.com/embed/r3yxUTbF-04?autoplay=0,live_stream_stat,Connection_comment,3.3333333333333335,3,3.6666666666666665,n,n,n,n,n,0
https://www.youtube.com/embed/2GbdCZnK4Sw?autoplay=0,knowledge,Creation,4,3.3333333333333335,4,n,y,y,n,n,2
https://www.youtube.com/embed/zemBSB9XDYU?autoplay=0,theme_creation_performance,Creation,3.6666666666666665,4,4,y,y,y,y,n,4
https://www.youtube.com/embed/Nl-WunKwjrY?autoplay=0,knowledge,Creation,4.333333333333333,3.6666666666666665,4.333333333333333,n,n,y,n,n,1
https://www.youtube.com/embed/fS1OAnVWMcI?autoplay=0,donating,Participation,4,4,4.333333333333333,y,y,y,y,y,5
https://www.youtube.com/embed/CJ-HVyJKwwk?autoplay=0,donating,Participation,4.333333333333333,4,4.333333333333333,y,y,y,y,y,5
https://www.youtube.com/embed/79SFSNUZgvU?autoplay=0,theme_creation_performance,Creation,3,3.6666666666666665,4,n,n,y,n,n,1
https://www.youtube.com/embed/JnY4IpLU0EY?autoplay=0,live_stream_game,Creation,3.3333333333333335,3.3333333333333335,4,n,n,y,n,n,1
https://www.youtube.com/embed/-UJFaRXy0dU?autoplay=0,live_stream_game,Creation,3,3.3333333333333335,3,n,n,y,n,n,1
https://www.youtube.com/embed/5TEDhySjOQM?autoplay=0,spread_word,Connection_comment,3,2.6666666666666665,4,y,y,y,n,n,3
https://www.youtube.com/embed/6LzY5dc4hGk?autoplay=0,theme_creation_performance,Creation,3.6666666666666665,4,3.6666666666666665,y,n,y,n,n,2
https://www.youtube.com/embed/9Qtbryjh_0E?autoplay=0,knowledge,Creation,4.666666666666667,4,4,n,n,y,n,n,1
https://www.youtube.com/embed/l7AU39s8nUg?autoplay=0,theme_creation_performance,Creation,3,3.3333333333333335,3.6666666666666665,n,n,n,n,n,0
https://www.youtube.com/embed/pm2uj1jddwE?autoplay=0,theme_creation_performance,Creation,4,3.6666666666666665,4.333333333333333,n,n,y,n,n,1
https://www.youtube.com/embed/eTrrBMrU4q0?autoplay=0,live_stream_game,Creation,3,3,2.3333333333333335,n,n,n,n,n,0
https://www.youtube.com/embed/yqdD4lc20Wk?autoplay=0,knowledge,Creation,5,4.666666666666667,4.333333333333333,n,y,y,n,n,2
https://www.youtube.com/embed/GStwq8evbs8?autoplay=0,theme_creation_performance,Creation,2.3333333333333335,2.3333333333333335,2.3333333333333335,n,n,y,n,n,1
https://www.youtube.com/embed/txkH0C6EZQU?autoplay=0,spread_word,Connection_comment,4,3.6666666666666665,4,y,y,y,n,y,4
https://www.youtube.com/embed/rvFMBRnR3ms?autoplay=0,knowledge,Creation,5,5,5,y,y,y,n,n,3
https://www.youtube.com/embed/TnCVAEsYGKs?autoplay=0,donating,Participation,4,4,4,y,n,y,n,n,2
https://www.youtube.com/embed/Xm1t_e9Y_0w?autoplay=0,theme_creation_performance,Creation,4,4.333333333333333,4,y,y,y,n,n,3
https://www.youtube.com/embed/xS0-9IR4aI8?autoplay=0,theme_creation_performance,Creation,3.6666666666666665,4,4,y,n,y,y,n,3
https://www.youtube.com/embed/l1r1KLa5RWo?autoplay=0,live_stream_game,Creation,3.6666666666666665,3,3,n,n,y,n,n,1
https://www.youtube.com/embed/OIWsBK4D6vY?autoplay=0,spread_word,Connection_comment,4.333333333333333,4.333333333333333,4.666666666666667,y,y,y,n,n,3
https://www.youtube.com/embed/JxeHWtlrG2g?autoplay=0,theme_creation_object,Creation,4.333333333333333,4.333333333333333,4.333333333333333,y,y,y,y,n,4
https://www.youtube.com/embed/VaGvewsHE-Y?autoplay=0,live_stream_game,Creation,3.6666666666666665,3.6666666666666665,4,y,n,y,n,n,2
https://www.youtube.com/embed/F4L3bPWjp6U?autoplay=0,planting_trees,Participation,4,4.333333333333333,4,y,n,y,n,n,2
https://www.youtube.com/embed/pjBxxU7xPXI?autoplay=0,planting_trees,Participation,4,4,4.333333333333333,y,n,n,n,n,1
https://www.youtube.com/embed/3TQxsTpywdk?autoplay=0,theme_creation_performance,Creation,3,3.6666666666666665,3.6666666666666665,n,n,n,n,n,0
https://www.youtube.com/embed/I6GhfoM2HE0?autoplay=0,theme_creation_performance,Creation,3.3333333333333335,2.6666666666666665,3,n,n,n,n,n,0
https://www.youtube.com/embed/ouxmQoWNebE?autoplay=0,theme_creation_performance,Creation,2.6666666666666665,3,3,n,n,n,n,n,0
https://www.youtube.com/embed/6kt0T0r-Kuk?autoplay=0,theme_creation_performance,Creation,3,3.3333333333333335,3.3333333333333335,n,n,y,n,n,1
https://www.youtube.com/embed/psLRTLJqDMM?autoplay=0,planting_trees,Participation,3.3333333333333335,3.3333333333333335,3.6666666666666665,y,n,y,n,n,2
https://www.youtube.com/embed/OC71zf3cGf8?autoplay=0,donating,Participation,3.6666666666666665,3.3333333333333335,3.6666666666666665,y,n,y,n,n,2
https://www.youtube.com/embed/uzXnU5MNoEI?autoplay=0,live_stream_game,Creation,3,3.3333333333333335,3.6666666666666665,y,y,y,n,n,3
https://www.youtube.com/embed/i7SMA3TukG0?autoplay=0,theme_creation_performance,Creation,3.3333333333333335,3.3333333333333335,3.3333333333333335,y,n,y,n,n,2
https://www.youtube.com/embed/q_e47QXH_HQ?autoplay=0,theme_creation_performance,Creation,1.6666666666666667,1.3333333333333333,1.6666666666666667,n,n,n,n,n,0
https://www.youtube.com/embed/tz3nHo8ZWDA?autoplay=0,knowledge,Creation,2.6666666666666665,3,3.3333333333333335,y,y,n,n,n,2
https://www.youtube.com/embed/14z9kVr1t3U?autoplay=0,knowledge,Creation,3.6666666666666665,4,4,n,n,y,n,n,1
https://www.youtube.com/embed/UOFofBL0Tac?autoplay=0,knowledge,Creation,3.6666666666666665,3.3333333333333335,3.6666666666666665,n,y,y,n,n,2
https://www.youtube.com/embed/rX29UBkP5_A?autoplay=0,theme_creation_performance,Creation,3,3.3333333333333335,4,n,n,y,n,n,1
https://www.youtube.com/embed/z7H3pDdJ6t8?autoplay=0,donating,Participation,3,2.3333333333333335,3,n,n,y,n,n,1
https://www.youtube.com/embed/Tzv-2xOcXOA?autoplay=0,spread_word,Connection_comment,4.333333333333333,4,4.333333333333333,n,y,y,n,n,2
https://www.youtube.com/embed/hCOwI8qtcBc?autoplay=0,theme_creation_performance,Creation,3,3.3333333333333335,3.6666666666666665,y,y,n,n,n,2
https://www.youtube.com/embed/MqsnABVT-wA?autoplay=0,spread_word,Connection_comment,1.3333333333333333,2,2,n,n,y,n,n,1
https://www.youtube.com/embed/BvDomCZjOls?autoplay=0,spread_word,Connection_comment,2.6666666666666665,3,3,n,n,y,n,n,1
https://www.youtube.com/embed/YTFsHCBKwNo?autoplay=0,live_stream_game,Creation,3.6666666666666665,3.3333333333333335,3.6666666666666665,n,y,y,n,n,2
https://www.youtube.com/embed/_NuFKMjHesE?autoplay=0,comment_news,Connection_comment,2.3333333333333335,2,1.6666666666666667,n,n,y,n,n,1
https://www.youtube.com/embed/DeVuApRos8o?autoplay=0,planting_trees,Participation,4,3,4,n,n,y,n,n,1
https://www.youtube.com/embed/DkGJnPXhJdI?autoplay=0,live_stream_game,Creation,3.3333333333333335,2.6666666666666665,3,y,n,n,n,n,1
https://www.youtube.com/embed/EJdjQQDgYq4?autoplay=0,spread_word,Connection_comment,3,3,4,y,n,y,y,n,3
https://www.youtube.com/embed/CsZfgC5nStU?autoplay=0,live_stream_game,Creation,3,3,3.3333333333333335,y,y,y,n,n,3
https://www.youtube.com/embed/Vi_yur1Jy1Y?autoplay=0,theme_creation_performance,Creation,3.3333333333333335,3,3.3333333333333335,y,y,y,n,n,3
https://www.youtube.com/embed/hO-3qt7hZfk?autoplay=0,theme_creation_performance,Creation,2.6666666666666665,3.6666666666666665,3.6666666666666665,y,y,y,n,n,3
https://www.youtube.com/embed/j3Xj6SNIY94?autoplay=0,spread_word,Connection_comment,3,3,2.6666666666666665,y,n,y,n,n,2
https://www.youtube.com/embed/gvUjCIYNV50?autoplay=0,planting_trees,Participation,4.333333333333333,4.333333333333333,4.333333333333333,y,y,y,y,n,4
https://www.youtube.com/embed/6SuAd8iGr3k?autoplay=0,donating,Participation,3.3333333333333335,3,3.6666666666666665,y,n,n,n,n,1
https://www.youtube.com/embed/DxiZWfsTwlY?autoplay=0,theme_creation_performance,Creation,2.6666666666666665,3,2.6666666666666665,y,n,y,y,n,3
https://www.youtube.com/embed/E526bXa40Ug?autoplay=0,theme_creation_object,Creation,3.6666666666666665,4,3.3333333333333335,n,n,n,n,n,0
https://www.youtube.com/embed/6Gt26XzTVuo?autoplay=0,spread_word,Connection_comment,3.6666666666666665,3,3.3333333333333335,y,n,y,n,n,2
https://www.youtube.com/embed/rjmIEtYKJrM?autoplay=0,spread_word,Connection_comment,3,3,3,y,y,y,y,n,4
https://www.youtube.com/embed/FuZmjR9t3fk?autoplay=0,theme_creation_performance,Creation,3.3333333333333335,4,4,y,n,n,n,y,2
https://www.youtube.com/embed/A_V219c4XJI?autoplay=0,theme_creation_performance,Creation,4.333333333333333,4.333333333333333,4,n,n,y,n,n,1
https://www.youtube.com/embed/djg3YDMF1Bc?autoplay=0,knowledge,Creation,3,2.6666666666666665,4.666666666666667,y,y,y,n,n,3
https://www.youtube.com/embed/1rBFpEYRhDw?autoplay=0,spread_word,Connection_comment,3,3,4,y,y,y,n,n,3
https://www.youtube.com/embed/lnjS6qnoeUk?autoplay=0,theme_creation_performance,Creation,2.3333333333333335,2.3333333333333335,2.3333333333333335,n,n,y,n,n,1
https://www.youtube.com/embed/Y4OrP_c8hfc?autoplay=0,spread_word,Connection_comment,4,4.333333333333333,4.333333333333333,y,n,y,n,n,2
https://www.youtube.com/embed/ILLR41JhhbA?autoplay=0,theme_creation_performance,Creation,2,1.6666666666666667,1.3333333333333333,y,n,n,n,n,1
https://www.youtube.com/embed/EpVnGX2nRtg?autoplay=0,donating,Participation,4,4.666666666666667,5,y,n,y,n,n,2
https://www.youtube.com/embed/bQVfAB1kCYU?autoplay=0,theme_creation_performance,Creation,1.6666666666666667,1.3333333333333333,1.6666666666666667,n,n,n,n,n,0
https://www.youtube.com/embed/kvrwbIXrKhM?autoplay=0,spread_word,Connection_comment,3,2.6666666666666665,3.3333333333333335,n,n,n,n,n,0
https://www.youtube.com/embed/qpU0RfwHv1k?autoplay=0,spread_word,Connection_comment,2.3333333333333335,2.3333333333333335,2.6666666666666665,y,n,n,n,n,1
https://www.youtube.com/embed/EhZTfygNoB4?autoplay=0,spread_word,Connection_comment,3.3333333333333335,2.6666666666666665,3.3333333333333335,y,n,n,n,n,1
https://www.youtube.com/embed/n-aoUh3enBk?autoplay=0,live_stream_game,Creation,2.6666666666666665,2.3333333333333335,1.6666666666666667,n,n,n,n,n,0
https://www.youtube.com/embed/ZOlVZsbb_jo?autoplay=0,live_stream_game,Creation,2.3333333333333335,2.3333333333333335,3,n,n,n,n,n,0
https://www.youtube.com/embed/j1f68pu1_C4?autoplay=0,spread_word,Connection_comment,3,3.3333333333333335,3.3333333333333335,n,n,y,n,n,1
https://www.youtube.com/embed/8tDUoTLn6TU?autoplay=0,knowledge,Creation,4.333333333333333,4.666666666666667,4.333333333333333,n,n,y,n,n,1
https://www.youtube.com/embed/oRc8AeYpzFg?autoplay=0,live_stream_game,Creation,2,2,2.3333333333333335,n,n,n,n,n,0
https://www.youtube.com/embed/gIujYl56sJQ?autoplay=0,spread_word,Connection_comment,3.3333333333333335,3.3333333333333335,4,y,y,y,n,n,3
https://www.youtube.com/embed/AD3ivXp6xPM?autoplay=0,theme_creation_performance,Creation,3,4,3.3333333333333335,y,n,y,n,n,2
https://www.youtube.com/embed/2Vy7vHu2L8A?autoplay=0,spread_word,Connection_comment,3.3333333333333335,2.6666666666666665,3.3333333333333335,y,y,y,n,n,3
https://www.youtube.com/embed/8Fxr1C4ihgs?autoplay=0,knowledge,Creation,3.6666666666666665,4.333333333333333,4,y,y,n,n,n,2
https://www.youtube.com/embed/O-z3gX0XbsY?autoplay=0,live_stream_game,Creation,3.3333333333333335,3,3,y,n,n,n,n,1
https://www.youtube.com/embed/mDAJ2vxsa7k?autoplay=0,spread_word,Connection_comment,2.3333333333333335,2.3333333333333335,3,y,n,n,y,n,2
https://www.youtube.com/embed/jFM3DPuBpjA?autoplay=0,live_stream_game,Creation,3.3333333333333335,3.3333333333333335,3.6666666666666665,y,n,y,n,y,3
https://www.youtube.com/embed/-wZSlrvGKHk?autoplay=0,theme_creation_performance,Creation,3,3.3333333333333335,3,n,n,n,n,n,0
https://www.youtube.com/embed/HbsIgHWzbcQ?autoplay=0,spread_word,Connection_comment,2.3333333333333335,2.3333333333333335,2.6666666666666665,y,n,y,n,n,2
https://www.youtube.com/embed/rxvL2oY2tu4?autoplay=0,live_stream_game,Creation,2.6666666666666665,3,3,n,n,y,n,n,1
https://www.youtube.com/embed/JW4njWmvx0o?autoplay=0,knowledge,Creation,3.3333333333333335,2,2.3333333333333335,n,n,y,n,n,1
https://www.youtube.com/embed/yKV3SJXgIQI?autoplay=0,theme_creation_performance,Creation,3.6666666666666665,3.6666666666666665,3.6666666666666665,n,n,n,n,n,0
https://www.youtube.com/embed/5Nsgok2jIPw?autoplay=0,knowledge,Creation,3.6666666666666665,3.3333333333333335,2.6666666666666665,y,n,y,n,n,2
https://www.youtube.com/embed/pqK5-QY-bds?autoplay=0,live_stream_game,Creation,3.3333333333333335,3,3,n,n,n,n,n,0
https://www.youtube.com/embed/XemaFKMVuII?autoplay=0,theme_creation_object,Creation,3.3333333333333335,2.6666666666666665,3,n,n,y,n,n,1
https://www.youtube.com/embed/SbFa1jyQzBc?autoplay=0,spread_word,Connection_comment,3,3.3333333333333335,3.3333333333333335,y,n,y,n,n,2
https://www.youtube.com/embed/wgy1ZxvTbqA?autoplay=0,spread_word,Connection_comment,3,3,3.3333333333333335,n,n,y,n,n,1
https://www.youtube.com/embed/AMffdVUQgbk?autoplay=0,live_stream_stat,Connection_comment,4.666666666666667,5,4.333333333333333,y,n,y,y,y,4
https://www.youtube.com/embed/g6JkRxhPAHI?autoplay=0,live_stream_game,Creation,3.6666666666666665,4.333333333333333,3,y,n,y,n,n,2
https://www.youtube.com/embed/KijsOzOdQ-M?autoplay=0,theme_creation_performance,Creation,4,4.666666666666667,4,y,y,y,n,n,3
https://www.youtube.com/embed/WcnVW1W705k?autoplay=0,planting_trees,Participation,4.333333333333333,4.666666666666667,4.333333333333333,n,y,y,n,n,2
https://www.youtube.com/embed/ajrTfdRGfy8?autoplay=0,spread_word,Connection_comment,4.333333333333333,4.666666666666667,4.333333333333333,y,y,y,n,n,3
https://www.youtube.com/embed/TRIBbTo5Svc?autoplay=0,theme_creation_performance,Creation,4.666666666666667,4.666666666666667,4.666666666666667,n,n,y,n,n,1
https://www.youtube.com/embed/SLHCA-hHx4Y?autoplay=0,knowledge,Creation,4.666666666666667,4.666666666666667,4.666666666666667,y,y,y,n,n,3
https://www.youtube.com/embed/k0DHJTG2iuQ?autoplay=0,knowledge,Creation,4.666666666666667,4,4.333333333333333,n,y,y,n,n,2
https://www.youtube.com/embed/Q8MyARY6b18?autoplay=0,live_stream_game,Creation,2.6666666666666665,2.3333333333333335,2,n,n,n,n,n,0
https://www.youtube.com/embed/sMyO0Q_6f2A?autoplay=0,spread_word,Connection_comment,3,2.6666666666666665,3.3333333333333335,n,n,n,n,n,0
https://www.youtube.com/embed/OphfgCZ8Jgk?autoplay=0,knowledge,Creation,3.6666666666666665,3.6666666666666665,3.6666666666666665,y,n,y,n,n,2
https://www.youtube.com/embed/vkx1N3zhdew?autoplay=0,knowledge,Creation,3.6666666666666665,3.3333333333333335,3.6666666666666665,y,y,y,n,n,3
https://www.youtube.com/embed/3kALfmBXDmw?autoplay=0,live_stream_game,Creation,3.3333333333333335,3.3333333333333335,3,n,n,n,n,n,0
https://www.youtube.com/embed/1csta3vITK0?autoplay=0,knowledge,Creation,4,3.6666666666666665,4,n,y,y,n,n,2
https://www.youtube.com/embed/SQe0p99hsHU?autoplay=0,donating,Participation,2.6666666666666665,3.3333333333333335,3,y,n,y,n,y,3
https://www.youtube.com/embed/0XXJD0lL8q4?autoplay=0,donating,Participation,3.6666666666666665,3.6666666666666665,4.333333333333333,y,y,y,n,n,3
https://www.youtube.com/embed/W6-GZm3yres?autoplay=0,spread_word,Connection_comment,3.3333333333333335,3,4,y,y,y,n,n,3
https://www.youtube.com/embed/6Psak9H0z4o?autoplay=0,live_stream_game,Creation,2.6666666666666665,2.6666666666666665,3,n,n,y,n,n,1
https://www.youtube.com/embed/SWPqQxz-7gg?autoplay=0,knowledge,Creation,4,4,3.6666666666666665,n,y,y,n,n,2
https://www.youtube.com/embed/LR_TeOiGxPU?autoplay=0,spread_word,Connection_comment,3.6666666666666665,3.6666666666666665,4,y,n,y,n,n,2
https://www.youtube.com/embed/BF_fJgP6VYU?autoplay=0,comment_news,Connection_comment,3.3333333333333335,3.3333333333333335,4,y,n,y,n,y,3
https://www.youtube.com/embed/CTkT_Ulkp1c?autoplay=0,theme_creation_performance,Creation,3,3.3333333333333335,4.333333333333333,n,n,n,n,n,0
https://www.youtube.com/embed/5_Zw8M-MVQ8?autoplay=0,live_stream_game,Creation,3.3333333333333335,3,3,y,n,n,n,n,1
https://www.youtube.com/embed/s4H1b6yKJvE?autoplay=0,theme_creation_object,Creation,3.6666666666666665,3.6666666666666665,3.6666666666666665,y,y,y,y,n,4
https://www.youtube.com/embed/74-JnHMXZzQ?autoplay=0,spread_word,Connection_comment,2.6666666666666665,2.6666666666666665,3.6666666666666665,y,y,y,n,n,3
https://www.youtube.com/embed/JNaZ9i3wxg0?autoplay=0,spread_word,Connection_comment,4,3.6666666666666665,4,y,n,y,n,n,2
https://www.youtube.com/embed/ss_vsOsydM4?autoplay=0,donating,Participation,3.3333333333333335,3,3.6666666666666665,y,y,y,y,n,4
https://www.youtube.com/embed/P6m6YKjMlss?autoplay=0,theme_creation_performance,Creation,4.333333333333333,4.666666666666667,4.666666666666667,n,n,y,n,n,1
https://www.youtube.com/embed/sXl2zv_rKxM?autoplay=0,donating,Participation,3.3333333333333335,3.3333333333333335,3.3333333333333335,y,n,y,n,n,2
https://www.youtube.com/embed/-y61pNr8k60?autoplay=0,theme_creation_performance,Creation,3,2.6666666666666665,2,y,n,y,n,n,2
https://www.youtube.com/embed/mucAJW6qEvk?autoplay=0,knowledge,Creation,3.6666666666666665,3.6666666666666665,4,y,n,n,n,n,1
https://www.youtube.com/embed/Wwd5jb_TzQQ?autoplay=0,theme_creation_performance,Creation,4,4.333333333333333,4.333333333333333,y,n,y,n,n,2
https://www.youtube.com/embed/l3cnu4qGHnk?autoplay=0,theme_creation_object,Creation,3.6666666666666665,4,4,n,n,y,n,n,1
https://www.youtube.com/embed/Db6-X_Lgq-o?autoplay=0,live_stream_game,Creation,3.6666666666666665,2.6666666666666665,4,y,n,y,n,n,2
https://www.youtube.com/embed/f-ve9nA-7u4?autoplay=0,spread_word,Connection_comment,2.3333333333333335,2.3333333333333335,3,y,n,y,n,n,2
https://www.youtube.com/embed/d31p93Kdyc8?autoplay=0,live_stream_game,Creation,2.6666666666666665,3,2.6666666666666665,n,n,n,n,n,0
https://www.youtube.com/embed/j6PObVVwDfQ?autoplay=0,live_stream_game,Creation,3,3,2.6666666666666665,n,n,n,n,n,0
https://www.youtube.com/embed/An9S3OMrAEg?autoplay=0,live_stream_game,Creation,3.3333333333333335,3.3333333333333335,3.3333333333333335,n,n,n,n,n,0
https://www.youtube.com/embed/yKt06x0FwA4?autoplay=0,live_stream_game,Creation,2.6666666666666665,2.6666666666666665,2.6666666666666665,n,n,n,n,n,0
https://www.youtube.com/embed/ovUqBPn6wLk?autoplay=0,live_stream_game,Creation,4,3.6666666666666665,3.3333333333333335,n,n,n,n,n,0
https://www.youtube.com/embed/1Bql9vOJxF8?autoplay=0,theme_creation_performance,Creation,4,4,3.6666666666666665,y,n,y,n,n,2
https://www.youtube.com/embed/egi58q-iyqU?autoplay=0,live_stream_game,Creation,3,3,3.3333333333333335,n,n,n,n,n,0
https://www.youtube.com/embed/S3k1BmdSG8s?autoplay=0,live_stream_game,Creation,3.6666666666666665,3,3.3333333333333335,y,n,y,n,n,2
https://www.youtube.com/embed/VY5EvRwH588?autoplay=0,knowledge,Creation,3.6666666666666665,3.6666666666666665,3.6666666666666665,y,n,y,n,n,2
https://www.youtube.com/embed/RCSDQ5WBkP4?autoplay=0,knowledge,Creation,4,3,3.3333333333333335,y,n,y,y,n,3
https://www.youtube.com/embed/ut7KVg04Xng?autoplay=0,live_stream_game,Creation,3,3,3.3333333333333335,y,n,y,n,n,2
https://www.youtube.com/embed/ALqQpYzGB_U?autoplay=0,live_stream_stat,Connection_comment,3,3,3.6666666666666665,y,n,n,y,n,2
https://www.youtube.com/embed/gJVo_fewmcM?autoplay=0,knowledge,Creation,4,3.6666666666666665,4,n,y,y,n,n,2
https://www.youtube.com/embed/hoslcOiENSg?autoplay=0,live_stream_game,Creation,3.6666666666666665,3.3333333333333335,3.3333333333333335,n,n,n,n,n,0
https://www.youtube.com/embed/28ct2NPJPps?autoplay=0,spread_word,Connection_comment,3.6666666666666665,3,3.6666666666666665,y,y,y,n,n,3
https://www.youtube.com/embed/I2-LO8v43BY?autoplay=0,spread_word,Connection_comment,4,3.6666666666666665,3.6666666666666665,n,y,y,n,n,2
https://www.youtube.com/embed/hdIMP0_B2L0?autoplay=0,live_stream_stat,Connection_comment,2.6666666666666665,2.3333333333333335,2.6666666666666665,n,n,y,n,n,1
https://www.youtube.com/embed/dwmnAfrTN-g?autoplay=0,spread_word,Connection_comment,1.3333333333333333,3,2.3333333333333335,y,n,y,n,n,2
https://www.youtube.com/embed/C7s6aOWyfKQ?autoplay=0,knowledge,Creation,4,3.6666666666666665,3,y,y,n,n,n,2
https://www.youtube.com/embed/GSuWsJXRPOk?autoplay=0,spread_word,Connection_comment,3.3333333333333335,3,3.3333333333333335,y,n,y,n,n,2
https://www.youtube.com/embed/1zjWZTiOCyA?autoplay=0,theme_creation_performance,Creation,3.3333333333333335,3.3333333333333335,2.6666666666666665,n,n,n,n,n,0
https://www.youtube.com/embed/0cgUnEBqB2E?autoplay=0,spread_word,Connection_comment,3.6666666666666665,3,3,y,y,y,n,n,3
https://www.youtube.com/embed/vXdKMmkVrcw?autoplay=0,live_stream_game,Creation,3.6666666666666665,3.6666666666666665,3.6666666666666665,y,n,y,n,n,2
https://www.youtube.com/embed/CLVU9H-zrws?autoplay=0,live_stream_game,Creation,3.3333333333333335,3,3.6666666666666665,n,n,n,n,n,0
https://www.youtube.com/embed/ZTVkaIxzea0?autoplay=0,live_stream_game,Creation,3.6666666666666665,3.3333333333333335,4,y,n,y,n,n,2
https://www.youtube.com/embed/3baNM8LwAm4?autoplay=0,theme_creation_object,Creation,3.3333333333333335,3.3333333333333335,2.6666666666666665,n,n,n,n,n,0
https://www.youtube.com/embed/H3f1-XuTUMQ?autoplay=0,knowledge,Creation,3.6666666666666665,3.3333333333333335,3.6666666666666665,y,y,y,n,n,3
https://www.youtube.com/embed/HT4HvwCbPd0?autoplay=0,knowledge,Creation,3,3,4,n,n,y,n,n,1
https://www.youtube.com/embed/cffevWpGPG0?autoplay=0,theme_creation_performance,Creation,3.3333333333333335,4,3,y,n,n,n,n,1
https://www.youtube.com/embed/PYsaQbZWiaI?autoplay=0,spread_word,Connection_comment,3,2.6666666666666665,3,y,y,y,n,n,3
https://www.youtube.com/embed/sBaG_xBQbzo?autoplay=0,knowledge,Creation,4,3.3333333333333335,3.6666666666666665,y,y,y,n,n,3
https://www.youtube.com/embed/ojslrOwVvFk?autoplay=0,live_stream_game,Creation,3.3333333333333335,3,3,n,n,y,n,n,1
https://www.youtube.com/embed/eXei4dzbPNk?autoplay=0,comment_news,Connection_comment,3.3333333333333335,3,3.3333333333333335,y,n,n,n,n,1
https://www.youtube.com/embed/tV9s49_-PaA?autoplay=0,live_stream_game,Creation,3,3.3333333333333335,3,n,n,n,n,n,0
https://www.youtube.com/embed/RsEheSWznG8?autoplay=0,live_stream_game,Creation,3,3,2.6666666666666665,n,n,n,n,n,0
https://www.youtube.com/embed/xFZFuMMiMHM?autoplay=0,live_stream_game,Creation,3,3,2.6666666666666665,n,n,n,n,n,0
https://www.youtube.com/embed/EHjYKqUhXAs?autoplay=0,live_stream_game,Creation,3.6666666666666665,3.3333333333333335,2.6666666666666665,n,n,n,n,n,0
https://www.youtube.com/embed/rtOhyOGD-s4?autoplay=0,theme_creation_object,Creation,3.6666666666666665,4,3.3333333333333335,n,n,n,n,n,0
https://www.youtube.com/embed/6ijrKBwajcY?autoplay=0,spread_word,Connection_comment,3.6666666666666665,3,3.6666666666666665,y,n,y,n,n,2
https://www.youtube.com/embed/sDRGiSGhrXk?autoplay=0,live_stream_game,Creation,3,2.6666666666666665,3.6666666666666665,n,n,y,n,n,1
https://www.youtube.com/embed/ln3g53guigA?autoplay=0,spread_word,Connection_comment,3.6666666666666665,3.6666666666666665,4,y,n,y,n,n,2
https://www.youtube.com/embed/SGC1b0sQLlM?autoplay=0,live_stream_game,Creation,2.6666666666666665,2.6666666666666665,2.6666666666666665,n,n,n,n,n,0
https://www.youtube.com/embed/PfbbGfDV-yU?autoplay=0,theme_creation_object,Creation,2.6666666666666665,3.3333333333333335,2.6666666666666665,n,n,y,n,n,1
https://www.youtube.com/embed/_tz9IbQGXcI?autoplay=0,spread_word,Connection_comment,3.3333333333333335,3,3.6666666666666665,y,y,y,n,n,3
https://www.youtube.com/embed/9PEPnSRn0So?autoplay=0,live_stream_game,Creation,3.3333333333333335,3,3.3333333333333335,y,y,y,n,n,3
https://www.youtube.com/embed/vGCxFbd5vIo?autoplay=0,live_stream_game,Creation,4,3.6666666666666665,3.6666666666666665,n,n,n,n,n,0
https://www.youtube.com/embed/IRLpy6qoaIw?autoplay=0,live_stream_game,Creation,3.3333333333333335,3,3,n,n,n,n,n,0
https://www.youtube.com/embed/RQv5LzFUOYo?autoplay=0,spread_word,Connection_comment,3.6666666666666665,3.3333333333333335,4.333333333333333,n,y,y,n,n,2
https://www.youtube.com/embed/vWsrT6YH25Q?autoplay=0,live_stream_game,Creation,2.6666666666666665,3,3.3333333333333335,y,y,y,y,n,4
https://www.youtube.com/embed/Qfx_C498KD4?autoplay=0,knowledge,Creation,3.3333333333333335,3.6666666666666665,3.6666666666666665,y,n,y,n,n,2
https://www.youtube.com/embed/aRV8ereupss?autoplay=0,live_stream_game,Creation,2.6666666666666665,2.3333333333333335,2.6666666666666665,n,n,n,n,n,0
https://www.youtube.com/embed/a6ZrcTPQ7C4?autoplay=0,live_stream_game,Creation,3,2.6666666666666665,2.6666666666666665,n,n,n,n,n,0
https://www.youtube.com/embed/62CjkhsSqlA?autoplay=0,live_stream_game,Creation,2,2,2,n,n,n,n,n,0
https://www.youtube.com/embed/ma7yo_mEqIo?autoplay=0,live_stream_game,Creation,2.6666666666666665,2.3333333333333335,2.6666666666666665,n,n,n,n,n,0
https://www.youtube.com/embed/2tFmFxXGEoM?autoplay=0,live_stream_game,Creation,3.6666666666666665,3.6666666666666665,4,y,n,y,n,y,3
https://www.youtube.com/embed/RNHlfJAUI_E?autoplay=0,knowledge,Creation,3.3333333333333335,3.3333333333333335,4,n,y,n,n,n,1
https://www.youtube.com/embed/afFGdsScSYU?autoplay=0,live_stream_game,Creation,3.3333333333333335,3.3333333333333335,4,y,y,y,y,y,5
https://www.youtube.com/embed/ObPIzQqGnsg?autoplay=0,live_stream_game,Creation,3.3333333333333335,3.6666666666666665,2.3333333333333335,y,n,n,n,n,1
https://www.youtube.com/embed/3VUsgSFYz6M?autoplay=0,planting_trees,Participation,4,3.6666666666666665,4.333333333333333,y,n,y,n,n,2
https://www.youtube.com/embed/WH6blX2Cafk?autoplay=0,spread_word,Connection_comment,3.3333333333333335,2.6666666666666665,3.3333333333333335,n,n,y,n,n,1
https://www.youtube.com/embed/fWuq4rvNfbw?autoplay=0,knowledge,Creation,4,3.6666666666666665,4,n,y,y,n,n,2
https://www.youtube.com/embed/r6TEacwWXIk?autoplay=0,donating,Participation,3.6666666666666665,3.3333333333333335,4,y,n,y,y,n,3
https://www.youtube.com/embed/g0hWoDrIx7c?autoplay=0,spread_word,Connection_comment,4,3.6666666666666665,4,y,n,n,n,n,1
https://www.youtube.com/embed/lJVteWUTuVE?autoplay=0,spread_word,Connection_comment,3,3,3,n,n,n,n,n,0
https://www.youtube.com/embed/kBjmlyCFWq8?autoplay=0,live_stream_game,Creation,3.6666666666666665,2.6666666666666665,3.6666666666666665,y,y,y,n,n,3
https://www.youtube.com/embed/vNUkZSvlBVE?autoplay=0,spread_word,Connection_comment,2.6666666666666665,2.6666666666666665,3,n,n,n,n,n,0
https://www.youtube.com/embed/7rmaLiaDQ3Q?autoplay=0,live_stream_game,Creation,3.6666666666666665,3.3333333333333335,3.6666666666666665,y,n,n,n,y,2
https://www.youtube.com/embed/FcK5VpsXHpI?autoplay=0,spread_word,Connection_comment,1.6666666666666667,1.3333333333333333,1.3333333333333333,n,n,y,n,n,1
https://www.youtube.com/embed/KDu_RTsdY0Y?autoplay=0,spread_word,Connection_comment,2.6666666666666665,2.6666666666666665,4,y,n,n,n,n,1
https://www.youtube.com/embed/2ugaDKZDsno?autoplay=0,planting_trees,Participation,3.6666666666666665,3.6666666666666665,4.333333333333333,y,n,y,n,n,2
https://www.youtube.com/embed/Ca7k3R4aGtk?autoplay=0,theme_creation_performance,Creation,3.6666666666666665,4.333333333333333,3.6666666666666665,y,n,n,n,y,2
https://www.youtube.com/embed/XGu-tsMKcDE?autoplay=0,spread_word,Connection_comment,2,1.6666666666666667,3,y,n,y,n,n,2
https://www.youtube.com/embed/oNA522_xSmg?autoplay=0,comment_video,Connection_comment,3.6666666666666665,2.3333333333333335,4,y,n,y,y,n,3
https://www.youtube.com/embed/ZQf1raWRmrQ?autoplay=0,live_stream_stat,Connection_comment,3.3333333333333335,2.6666666666666665,4,n,n,y,n,n,1
https://www.youtube.com/embed/FZY5OvdnGD8?autoplay=0,spread_word,Connection_comment,2.6666666666666665,4,3.3333333333333335,y,n,y,y,n,3
https://www.youtube.com/embed/vSb6tGW-zhg?autoplay=0,spread_word,Connection_comment,2,1.6666666666666667,2.3333333333333335,n,n,n,n,n,0
https://www.youtube.com/embed/C3SvkACVQCI?autoplay=0,live_stream_game,Creation,2.6666666666666665,2,2.6666666666666665,n,n,n,n,n,0
https://www.youtube.com/embed/rokEqZGNCk4?autoplay=0,spread_word,Connection_comment,4,4,4,n,n,n,n,n,0
https://www.youtube.com/embed/iWRq6mmyqVo?autoplay=0,live_stream_game,Creation,2.6666666666666665,2.3333333333333335,3.3333333333333335,n,n,n,n,y,1
https://www.youtube.com/embed/Sm8u-6HAnw0?autoplay=0,live_stream_game,Creation,3.6666666666666665,3.3333333333333335,4,n,n,n,n,n,0
https://www.youtube.com/embed/Y40oQ4dmh-I?autoplay=0,spread_word,Connection_comment,3,3,3.6666666666666665,y,y,y,n,n,3
https://www.youtube.com/embed/gqng2MPClO8?autoplay=0,theme_creation_object,Creation,3.3333333333333335,3.3333333333333335,4,n,y,y,n,n,2
https://www.youtube.com/embed/YfR1s1tlusE?autoplay=0,theme_creation_performance,Creation,3.6666666666666665,3.3333333333333335,2.3333333333333335,n,n,y,n,n,1
https://www.youtube.com/embed/M_NA-rUQMQI?autoplay=0,spread_word,Connection_comment,4,4,4.333333333333333,y,n,y,n,n,2
https://www.youtube.com/embed/JiqTNObyFRQ?autoplay=0,donating,Participation,4.333333333333333,4.333333333333333,4.333333333333333,n,n,n,n,n,0
https://www.youtube.com/embed/iAPd3rptRw0?autoplay=0,planting_trees,Participation,4,4,4.333333333333333,y,n,y,n,n,2
https://www.youtube.com/embed/LdLSs7LMd-0?autoplay=0,live_stream_stat,Connection_comment,2.6666666666666665,2.3333333333333335,3.3333333333333335,y,n,y,n,n,2
https://www.youtube.com/embed/FFjoU0YJn3Y?autoplay=0,comment_video,Connection_comment,3.6666666666666665,3.3333333333333335,4,y,y,y,n,n,3
https://www.youtube.com/embed/es2lMH147AI?autoplay=0,donating,Participation,3.6666666666666665,3.6666666666666665,3.6666666666666665,y,n,y,y,n,3
https://www.youtube.com/embed/NywhZbyiXPo?autoplay=0,live_stream_game,Creation,3,2.6666666666666665,4.333333333333333,y,n,y,n,n,2
https://www.youtube.com/embed/Zlua9R1l7VE?autoplay=0,theme_creation_performance,Creation,3.6666666666666665,4,3,y,n,n,n,n,1
https://www.youtube.com/embed/ZNz_tE5VgCY?autoplay=0,spread_word,Connection_comment,2.6666666666666665,2.3333333333333335,4.666666666666667,y,y,y,y,n,4
https://www.youtube.com/embed/6l8K1eH624I?autoplay=0,planting_trees,Participation,3.6666666666666665,3.6666666666666665,3.6666666666666665,y,y,y,n,n,3
https://www.youtube.com/embed/TqilUw75Qh8?autoplay=0,spread_word,Connection_comment,3.6666666666666665,3.6666666666666665,4.333333333333333,y,y,y,y,n,4
https://www.youtube.com/embed/wgOAIL2ilR8?autoplay=0,knowledge,Creation,3.6666666666666665,4,4.666666666666667,y,y,n,n,n,2
https://www.youtube.com/embed/7LXrfEu1HmM?autoplay=0,planting_trees,Participation,4.333333333333333,4.333333333333333,4.333333333333333,n,n,n,n,n,0
https://www.youtube.com/embed/5sp87LcBZLo?autoplay=0,knowledge,Creation,4.333333333333333,4.333333333333333,4.666666666666667,n,y,y,n,n,2
https://www.youtube.com/embed/Qq9CQKNplpw?autoplay=0,theme_creation_performance,Creation,3.6666666666666665,3.6666666666666665,3.6666666666666665,n,y,y,n,n,2
https://www.youtube.com/embed/xhMcsf5pIHo?autoplay=0,knowledge,Creation,3,2.6666666666666665,3.6666666666666665,y,y,n,n,n,2
https://www.youtube.com/embed/HhlX9XjZ2dM?autoplay=0,donating,Participation,4,4,3.3333333333333335,y,n,y,n,n,2
https://www.youtube.com/embed/QTqcPRKn20o?autoplay=0,planting_trees,Participation,3.6666666666666665,3.6666666666666665,3.6666666666666665,y,n,y,n,n,2
https://www.youtube.com/embed/Pm9U4Zc5_Gk?autoplay=0,spread_word,Connection_comment,4.333333333333333,3.6666666666666665,4.666666666666667,y,n,y,y,y,4
https://www.youtube.com/embed/5uwe7qVtrrg?autoplay=0,spread_word,Connection_comment,3.6666666666666665,3.3333333333333335,3.6666666666666665,y,y,y,n,n,3
https://www.youtube.com/embed/dCs3mHoEnEw?autoplay=0,live_stream_stat,Connection_comment,3.6666666666666665,3.6666666666666665,4,n,n,n,n,n,0
https://www.youtube.com/embed/Pe4pKp5Alt4?autoplay=0,theme_creation_performance,Creation,4.666666666666667,5,4.666666666666667,y,n,y,n,n,2
https://www.youtube.com/embed/uuINvlX_Gb0?autoplay=0,spread_word,Connection_comment,3.3333333333333335,3,2,y,n,n,n,n,1
https://www.youtube.com/embed/h2Vs7tYQcmY?autoplay=0,knowledge,Creation,5,4.666666666666667,5,n,y,y,n,n,2
https://www.youtube.com/embed/IYiWFWLwv3g?autoplay=0,planting_trees,Participation,4.333333333333333,4.333333333333333,4,y,n,y,y,n,3
https://www.youtube.com/embed/zMpTLrdkdps?autoplay=0,live_stream_game,Creation,3.6666666666666665,4,3.6666666666666665,y,y,y,n,n,3
https://www.youtube.com/embed/iwjhkaEB7E8?autoplay=0,theme_creation_performance,Creation,4.333333333333333,4.666666666666667,4.333333333333333,y,n,y,n,n,2
https://www.youtube.com/embed/BqCPGHoWkmg?autoplay=0,comment_news,Connection_comment,4.666666666666667,4.333333333333333,4.333333333333333,y,n,y,y,y,4
https://www.youtube.com/embed/62cssHJMcXk?autoplay=0,comment_news,Connection_comment,4,4.666666666666667,4,y,y,y,y,y,5
https://www.youtube.com/embed/exoFrIJwwV0?autoplay=0,live_stream_game,Creation,4.333333333333333,4.666666666666667,4.333333333333333,y,n,y,n,n,2
https://www.youtube.com/embed/4KmV1YxWeHY?autoplay=0,spread_word,Connection_comment,4,4,3.3333333333333335,y,n,n,n,n,1
https://www.youtube.com/embed/ZlYwrPUYOr8?autoplay=0,live_stream_stat,Connection_comment,4.333333333333333,4.333333333333333,4,y,n,n,y,y,3
https://www.youtube.com/embed/qfKM5meq8nU?autoplay=0,not_recognized,Other,2,2,2,n,n,n,n,n,0
https://www.youtube.com/embed/kFp0tB0AoBU?autoplay=0,live_stream_stat,Connection_comment,3,3.3333333333333335,3.3333333333333335,n,y,y,n,n,2
https://www.youtube.com/embed/xymSiRpSRu8?autoplay=0,theme_creation_performance,Creation,2,2,1.6666666666666667,n,n,y,n,n,1
https://www.youtube.com/embed/oliowzwT2uU?autoplay=0,theme_creation_performance,Creation,3.6666666666666665,3.6666666666666665,3.6666666666666665,n,n,y,n,n,1
https://www.youtube.com/embed/GbetzV4l4CY?autoplay=0,knowledge,Creation,4,4,4,n,n,y,n,n,1
https://www.youtube.com/embed/EuSl1dDre4w?autoplay=0,spread_word,Connection_comment,3.3333333333333335,3.6666666666666665,3,y,n,y,y,y,4
https://www.youtube.com/embed/IBRQA3CzWs4?autoplay=0,donating,Participation,2.6666666666666665,2,2.3333333333333335,n,n,y,n,n,1
https://www.youtube.com/embed/QHQu1MqfT9A?autoplay=0,theme_creation_performance,Creation,2.3333333333333335,2.3333333333333335,2.3333333333333335,y,n,y,n,n,2
https://www.youtube.com/embed/kV-HBBfyL4E?autoplay=0,spread_word,Connection_comment,3.3333333333333335,2.6666666666666665,4.333333333333333,y,y,n,y,y,4
https://www.youtube.com/embed/gqht2bIQXIY?autoplay=0,knowledge,Creation,3.3333333333333335,3.3333333333333335,2.6666666666666665,y,y,y,y,y,5
https://www.youtube.com/embed/G_QiBdZJuCY?autoplay=0,theme_creation_performance,Creation,3.3333333333333335,3.3333333333333335,3.6666666666666665,n,n,y,n,n,1
https://www.youtube.com/embed/cqOAB0eIfdQ?autoplay=0,knowledge,Creation,3.6666666666666665,3,4.333333333333333,n,y,y,n,n,2
https://www.youtube.com/embed/PJX4tEkpTXA?autoplay=0,spread_word,Connection_comment,2,2,2,y,n,y,n,n,2
https://www.youtube.com/embed/IFlwwFGJ4L8?autoplay=0,theme_creation_performance,Creation,3,3,2.6666666666666665,n,n,y,n,n,1
https://www.youtube.com/embed/3oSwgljqTJw?autoplay=0,theme_creation_object,Creation,3.6666666666666665,4.333333333333333,3.6666666666666665,y,y,y,n,n,3
https://www.youtube.com/embed/SArqcyrEStk?autoplay=0,spread_word,Connection_comment,2.6666666666666665,3,2,n,n,y,n,n,1
https://www.youtube.com/embed/1US7Mj7mM60?autoplay=0,theme_creation_object,Creation,2.6666666666666665,3.3333333333333335,3,y,n,y,y,y,4
https://www.youtube.com/embed/je6Be62dOoA?autoplay=0,theme_creation_performance,Creation,3.3333333333333335,4,2.6666666666666665,y,n,n,n,y,2
https://www.youtube.com/embed/QvBW1vZr1V4?autoplay=0,live_stream_game,Creation,3,2.6666666666666665,2.3333333333333335,n,n,n,n,n,0
https://www.youtube.com/embed/Hj2XekNq_uA?autoplay=0,spread_word,Connection_comment,2.3333333333333335,3,2.3333333333333335,y,n,n,n,n,1
https://www.youtube.com/embed/L76DEVvVkDk?autoplay=0,knowledge,Creation,4,3.6666666666666665,4,y,y,n,n,n,2
https://www.youtube.com/embed/4sFd89NHDt4?autoplay=0,spread_word,Connection_comment,2.6666666666666665,2.3333333333333335,2.3333333333333335,y,y,n,n,n,2
https://www.youtube.com/embed/xygBlTIv9U0?autoplay=0,theme_creation_performance,Creation,3.3333333333333335,3.3333333333333335,3.6666666666666665,y,y,y,n,n,3
https://www.youtube.com/embed/hsMGMmGG8i4?autoplay=0,spread_word,Connection_comment,3.6666666666666665,3.3333333333333335,2.6666666666666665,y,y,y,n,n,3
https://www.youtube.com/embed/QFbdROwurwg?autoplay=0,not_recognized,Other,1.3333333333333333,1.3333333333333333,1.6666666666666667,n,n,n,n,n,0
https://www.youtube.com/embed/IK7QXAUvCOA?autoplay=0,spread_word,Connection_comment,3.6666666666666665,4,3,y,y,y,y,n,4
https://www.youtube.com/embed/4YV7T64PXiA?autoplay=0,theme_creation_performance,Creation,2.6666666666666665,3.6666666666666665,3.6666666666666665,n,n,n,n,n,0
https://www.youtube.com/embed/6EpNJyVVUuw?autoplay=0,knowledge,Creation,3,3.3333333333333335,2.6666666666666665,n,n,y,n,n,1
https://www.youtube.com/embed/Y7YLVMhMLi4?autoplay=0,spread_word,Connection_comment,3.6666666666666665,2.6666666666666665,3.6666666666666665,n,y,y,n,n,2
https://www.youtube.com/embed/GP-V5vEyVY8?autoplay=0,spread_word,Connection_comment,3.3333333333333335,1.6666666666666667,3.6666666666666665,y,n,n,n,n,1
https://www.youtube.com/embed/jaJOYbr96sU?autoplay=0,theme_creation_performance,Creation,2,2.6666666666666665,2.3333333333333335,n,n,y,n,n,1
https://www.youtube.com/embed/_-nod7RKIIU?autoplay=0,spread_word,Connection_comment,3,3,3,n,n,n,n,n,0
https://www.youtube.com/embed/8yEG58ua6oo?autoplay=0,spread_word,Connection_comment,4,3.3333333333333335,3.6666666666666665,y,y,y,n,n,3
https://www.youtube.com/embed/axITdRHpGAw?autoplay=0,theme_creation_performance,Creation,2.3333333333333335,2.6666666666666665,2.3333333333333335,n,n,y,n,n,1
https://www.youtube.com/embed/l_F5lMpVbq0?autoplay=0,donating,Participation,3.6666666666666665,4,3.6666666666666665,y,n,y,n,n,2
https://www.youtube.com/embed/w89UZ5XOoLc?autoplay=0,donating,Participation,3.3333333333333335,3,2.6666666666666665,n,n,y,n,n,1
https://www.youtube.com/embed/Om231V8JFWw?autoplay=0,knowledge,Creation,4,3.6666666666666665,4,y,y,y,y,y,5
https://www.youtube.com/embed/Qf5dho10OfI?autoplay=0,theme_creation_object,Creation,4,4,3.6666666666666665,y,y,y,n,n,3
https://www.youtube.com/embed/0AXwCAIh_S0?autoplay=0,theme_creation_performance,Creation,4,3.3333333333333335,3.3333333333333335,y,n,y,n,n,2
https://www.youtube.com/embed/Glzt34NfFUg?autoplay=0,theme_creation_object,Creation,3.3333333333333335,3.3333333333333335,3.6666666666666665,y,y,y,n,n,3
https://www.youtube.com/embed/x6yNoiepk_A?autoplay=0,knowledge,Creation,4.666666666666667,4.666666666666667,4.666666666666667,y,n,y,n,n,2
https://www.youtube.com/embed/AIBeJGmGurs?autoplay=0,live_stream_game,Creation,3.3333333333333335,2.6666666666666665,3,y,n,n,n,n,1
https://www.youtube.com/embed/0emgG3lOvmg?autoplay=0,knowledge,Creation,4.666666666666667,3.6666666666666665,5,y,y,y,n,n,3
https://www.youtube.com/embed/yu_Hl9zrnAk?autoplay=0,theme_creation_performance,Creation,4.333333333333333,4.333333333333333,4,n,n,y,n,n,1
https://www.youtube.com/embed/TIdHHlxmoyY?autoplay=0,theme_creation_performance,Creation,4.666666666666667,4.666666666666667,4.333333333333333,n,y,y,n,n,2
https://www.youtube.com/embed/pATSoQU_axc?autoplay=0,live_stream_game,Creation,3,2.3333333333333335,2,y,y,y,n,n,3
https://www.youtube.com/embed/KEA8wis3FIs?autoplay=0,planting_trees,Participation,4.666666666666667,4.666666666666667,5,y,y,y,n,n,3
https://www.youtube.com/embed/L1d7VZ6RPl8?autoplay=0,live_stream_game,Creation,4.333333333333333,4.333333333333333,4.666666666666667,y,n,y,n,n,2
https://www.youtube.com/embed/G4QSB4PFfoI?autoplay=0,spread_word,Connection_comment,3.3333333333333335,3.3333333333333335,4,y,y,y,n,n,3
https://www.youtube.com/embed/CNGrx3oDO5U?autoplay=0,live_stream_game,Creation,3.3333333333333335,3,2.6666666666666665,y,n,n,n,n,1
https://www.youtube.com/embed/k1TyDOwe67I?autoplay=0,theme_creation_object,Creation,4,4,3.6666666666666665,n,n,y,n,n,1
https://www.youtube.com/embed/53Tmx_BBaOc?autoplay=0,theme_creation_performance,Creation,4,4.666666666666667,4.333333333333333,n,y,y,n,y,3
https://www.youtube.com/embed/gE14cz-tEk0?autoplay=0,planting_trees,Participation,4,3.6666666666666665,4.333333333333333,y,n,n,n,n,1
https://www.youtube.com/embed/Gh6CXmBDLVM?autoplay=0,planting_trees,Participation,4,4,3.6666666666666665,n,n,n,n,n,0
https://www.youtube.com/embed/EZxFBcOGO7A?autoplay=0,theme_creation_performance,Creation,2.6666666666666665,3.6666666666666665,3,y,n,y,n,n,2
https://www.youtube.com/embed/OFeD_4bZppk?autoplay=0,planting_trees,Participation,4.666666666666667,4.333333333333333,4.666666666666667,y,n,y,n,n,2
https://www.youtube.com/embed/2z_06gneomM?autoplay=0,live_stream_game,Creation,4.666666666666667,4.333333333333333,4,y,n,y,n,n,2
https://www.youtube.com/embed/j0dVwf0wRFw?autoplay=0,planting_trees,Participation,4.333333333333333,4,4.333333333333333,n,n,n,n,n,0
https://www.youtube.com/embed/KTrliR_wTUU?autoplay=0,live_stream_game,Creation,4,4,3,n,n,y,n,n,1
https://www.youtube.com/embed/js6pKx9_1dc?autoplay=0,live_stream_game,Creation,4.333333333333333,4,4,y,n,y,n,n,2
https://www.youtube.com/embed/srzniA8EKDk?autoplay=0,knowledge,Creation,4,3.6666666666666665,4,y,n,n,n,n,1
https://www.youtube.com/embed/f5xaL23roXg?autoplay=0,spread_word,Connection_comment,3.6666666666666665,3.3333333333333335,4,y,y,n,n,n,2
https://www.youtube.com/embed/XE3HJZRQ230?autoplay=0,theme_creation_performance,Creation,4.666666666666667,4.666666666666667,4,y,n,y,n,n,2
https://www.youtube.com/embed/pqwqEHQX57o?autoplay=0,theme_creation_object,Creation,3.3333333333333335,3,2.3333333333333335,n,n,n,n,n,0
https://www.youtube.com/embed/I_eU29mGHC0?autoplay=0,theme_creation_performance,Creation,4.333333333333333,4.666666666666667,4.333333333333333,y,n,y,n,n,2
https://www.youtube.com/embed/qJWG7raBlT8?autoplay=0,knowledge,Creation,4.333333333333333,4.333333333333333,4.333333333333333,n,y,y,n,n,2
https://www.youtube.com/embed/SojsYT3edLk?autoplay=0,not_recognized,Other,3.3333333333333335,3,3.6666666666666665,y,n,y,y,n,3
https://www.youtube.com/embed/uJDwPZjm4Vs?autoplay=0,live_stream_game,Creation,3.6666666666666665,3.6666666666666665,3.6666666666666665,y,n,y,y,n,3
https://www.youtube.com/embed/oxSNIST_2yU?autoplay=0,theme_creation_object,Creation,4.333333333333333,4.666666666666667,4.333333333333333,y,y,y,y,n,4
https://www.youtube.com/embed/7j6vUbyxsOQ?autoplay=0,knowledge,Creation,4.333333333333333,4.333333333333333,4.333333333333333,y,n,n,y,n,2
https://www.youtube.com/embed/vk_5ElPd55g?autoplay=0,live_stream_game,Creation,4.666666666666667,4.333333333333333,4,y,n,y,n,n,2
https://www.youtube.com/embed/kHsryl_NM2Y?autoplay=0,live_stream_game,Creation,3.6666666666666665,3.6666666666666665,2.6666666666666665,n,n,n,n,n,0
https://www.youtube.com/embed/CvfkXD1UNOc?autoplay=0,live_stream_game,Creation,4,3.6666666666666665,4,y,n,n,n,n,1
https://www.youtube.com/embed/ewzyAF9j3U0?autoplay=0,planting_trees,Participation,3,3.3333333333333335,3,n,n,n,n,n,0
https://www.youtube.com/embed/8-Ykr3CdmE0?autoplay=0,spread_word,Connection_comment,3.6666666666666665,3.3333333333333335,4,y,y,n,n,n,2
https://www.youtube.com/embed/Vx6H1uvQd7k?autoplay=0,knowledge,Creation,4,4.333333333333333,4.333333333333333,y,n,y,n,n,2
https://www.youtube.com/embed/qNWZXoJiL8Y?autoplay=0,theme_creation_object,Creation,4.333333333333333,4.666666666666667,4.333333333333333,y,n,n,n,y,2
https://www.youtube.com/embed/13MQldzwxkE?autoplay=0,knowledge,Creation,4,3.6666666666666665,4,n,n,y,n,n,1
https://www.youtube.com/embed/U08PWLXsBR0?autoplay=0,live_stream_game,Creation,3.6666666666666665,3.6666666666666665,3,n,n,y,n,n,1
https://www.youtube.com/embed/jzuGPF2JB8o?autoplay=0,live_stream_game,Creation,3.3333333333333335,3.3333333333333335,3,n,n,n,n,n,0
https://www.youtube.com/embed/tXPLFp4HNbs?autoplay=0,live_stream_game,Creation,3.3333333333333335,3,2.6666666666666665,n,n,n,n,n,0
https://www.youtube.com/embed/Cpt2UYCAyaw?autoplay=0,theme_creation_performance,Creation,3,2.6666666666666665,3,n,n,y,n,n,1
https://www.youtube.com/embed/RqVB6cHAfFM?autoplay=0,planting_trees,Participation,4,4,4,y,y,n,n,n,2
https://www.youtube.com/embed/qQzBYO9Ychg?autoplay=0,theme_creation_performance,Creation,3,3,2.3333333333333335,n,n,n,n,n,0
https://www.youtube.com/embed/iHDuf1hLpaI?autoplay=0,spread_word,Connection_comment,3.3333333333333335,3.3333333333333335,4,y,n,y,y,n,3
https://www.youtube.com/embed/pMZ06tLH7v0?autoplay=0,theme_creation_performance,Creation,4.333333333333333,4.666666666666667,4.333333333333333,y,y,y,y,n,4
https://www.youtube.com/embed/EFA925kQHiM?autoplay=0,theme_creation_performance,Creation,5,5,4.666666666666667,n,y,y,n,n,2
https://www.youtube.com/embed/bWdn2HWhZZ8?autoplay=0,live_stream_game,Creation,4.333333333333333,3.3333333333333335,4.666666666666667,n,n,y,n,n,1
https://www.youtube.com/embed/YWDHysn7kpU?autoplay=0,live_stream_game,Creation,4,3.6666666666666665,4,y,n,n,n,n,1
https://www.youtube.com/embed/6Waq-UrvkSY?autoplay=0,spread_word,Connection_comment,4,3.6666666666666665,3.3333333333333335,y,n,y,y,n,3
https://www.youtube.com/embed/tbXBEd7PL9A?autoplay=0,knowledge,Creation,4.333333333333333,4.333333333333333,4.333333333333333,y,y,y,n,y,4
https://www.youtube.com/embed/Y-0jODb6OtA?autoplay=0,theme_creation_object,Creation,4,4.333333333333333,4,y,y,y,y,y,5
https://www.youtube.com/embed/YKuLcoVFzqM?autoplay=0,spread_word,Connection_comment,4.333333333333333,4.333333333333333,4.333333333333333,y,n,y,n,n,2
https://www.youtube.com/embed/O8KQxXBO7pI?autoplay=0,theme_creation_performance,Creation,3.6666666666666665,4.333333333333333,3.3333333333333335,n,n,y,n,n,1
https://www.youtube.com/embed/Ww6G3e8EyrI?autoplay=0,live_stream_game,Creation,4,3,3.6666666666666665,y,y,n,n,n,2
https://www.youtube.com/embed/yUJXywNM6Ns?autoplay=0,spread_word,Connection_comment,3.6666666666666665,4,4,y,n,y,n,n,2
https://www.youtube.com/embed/QIQ0KHcBeMI?autoplay=0,live_stream_game,Creation,4.333333333333333,4,3.6666666666666665,n,n,y,n,n,1
https://www.youtube.com/embed/DOdDURQtXFI?autoplay=0,theme_creation_performance,Creation,2,2,3,y,n,y,n,n,2
https://www.youtube.com/embed/AzjkxYmpNwI?autoplay=0,planting_trees,Participation,3.6666666666666665,3.3333333333333335,3.6666666666666665,y,n,y,n,n,2
https://www.youtube.com/embed/vs4YMpUmm_A?autoplay=0,spread_word,Connection_comment,4.333333333333333,3.3333333333333335,4.333333333333333,n,n,y,n,n,1
https://www.youtube.com/embed/4BwaYTYNRvw?autoplay=0,live_stream_game,Creation,3.3333333333333335,3.6666666666666665,3.3333333333333335,n,y,y,n,n,2
https://www.youtube.com/embed/KQJ6ze3E0kA?autoplay=0,live_stream_game,Creation,4.333333333333333,4,4,y,y,n,n,n,2
https://www.youtube.com/embed/7vqDjtLrWZg?autoplay=0,planting_trees,Participation,4,4,4.333333333333333,y,y,n,n,n,2
https://www.youtube.com/embed/x8r2UhAgvVY?autoplay=0,live_stream_game,Creation,3.3333333333333335,3.6666666666666665,3.6666666666666665,y,n,y,n,n,2
https://www.youtube.com/embed/3vqczc9lv4E?autoplay=0,spread_word,Connection_comment,4.666666666666667,4.333333333333333,4,y,y,y,n,n,3
https://www.youtube.com/embed/_8cnPOWFSYI?autoplay=0,planting_trees,Participation,4,3.6666666666666665,3.6666666666666665,y,n,n,n,n,1
https://www.youtube.com/embed/5P88NOX1_Rs?autoplay=0,spread_word,Connection_comment,3.3333333333333335,3,3.3333333333333335,y,n,y,y,n,3
https://www.youtube.com/embed/7LtQkgBkFR4?autoplay=0,spread_word,Connection_comment,4.333333333333333,3.6666666666666665,4.666666666666667,y,n,y,n,n,2
https://www.youtube.com/embed/-gZBhlRuwqw?autoplay=0,planting_trees,Participation,4,4.333333333333333,4,y,y,y,n,n,3
https://www.youtube.com/embed/h4gKd6YEciY?autoplay=0,live_stream_stat,Connection_comment,3.3333333333333335,3.3333333333333335,3,y,n,y,y,n,3
https://www.youtube.com/embed/CTw9GhD01Kc?autoplay=0,live_stream_game,Creation,2.6666666666666665,2.3333333333333335,2.3333333333333335,y,n,y,n,n,2
