TASK_ID,SAME_TASK_GROUP_ID,STATUS,USER_ID,IP_ADDRESS,COUNTRY,START_TIME,FINISH_TIME,TIME_TOOK_TO_COMPLETE_TASK,VIDEO_URL,speak_language,category,mrbeast,arborday,teamtrees_org,noteble_youtuber,noteble_entrepreneur,event_name,quality,creativity,awareness
9129282,G5e22f3dcdae6d,OK,4efaebfc,89.187.178.28,United States,"Saturday, 18-Jan-20 19:23:49 EST","Saturday, 18-Jan-20 19:29:33 EST",5 minute(s) and 44 second(s),https://www.youtube.com/embed/0Eg84esa2IU?autoplay=0,speak_little,comment_video,0,0,1,0,0,TeamTrees,low,very_low,very_low
9129185,G5e22f3dcdae6d,OK,2701dd77,2601:900:8200:e90:24f4:842e:16b8:e927,United States,"Saturday, 18-Jan-20 17:44:21 EST","Saturday, 18-Jan-20 17:55:26 EST",11 minute(s) and 5 second(s),https://www.youtube.com/embed/0Eg84esa2IU?autoplay=0,speak_yes,not_recognized,0,0,1,0,0,TeamTrees,low,very_low,very_low
9129066,G5e22f3dcdae6d,OK,45f3ac2d,92.20.100.34,United Kingdom,"Saturday, 18-Jan-20 16:26:40 EST","Saturday, 18-Jan-20 16:38:13 EST",11 minute(s) and 33 second(s),https://www.youtube.com/embed/0Eg84esa2IU?autoplay=0,speak_yes,spread_word,0,0,1,0,0,TeamTrees,neutral,low,very_low
9108806,G5e209fa145644,OK,45f3ac2d,79.71.129.218,United Kingdom,"Thursday, 16-Jan-20 13:50:26 EST","Thursday, 16-Jan-20 14:00:15 EST",9 minute(s) and 49 second(s),https://www.youtube.com/embed/0hVZOJCYBBM?autoplay=0,speak_yes,spread_word,1,1,0,0,0,high,neutral,neutral,TeamTrees
9108828,G5e209fa145644,OK,e46e2603,172.116.205.209,United States,"Thursday, 16-Jan-20 13:58:11 EST","Thursday, 16-Jan-20 14:02:13 EST",4 minute(s) and 2 second(s),https://www.youtube.com/embed/0hVZOJCYBBM?autoplay=0,speak_yes,not_recognized,1,1,1,1,1,very_high,very_high,very_high,TeamTrees
9120664,G5e209fa145644,OK,6210b303,152.9.17.66,United States,"Friday, 17-Jan-20 13:40:53 EST","Friday, 17-Jan-20 13:44:53 EST",4 minute(s) and 0 second(s),https://www.youtube.com/embed/0hVZOJCYBBM?autoplay=0,speak_yes,live_stream_stat,1,0,1,0,0,very_high,very_high,very_high,TeamTrees
9108189,G5e20a0a6e04f2,OK,339d4c7e,24.24.169.139,United States,"Thursday, 16-Jan-20 13:37:09 EST","Thursday, 16-Jan-20 13:39:54 EST",2 minute(s) and 45 second(s),https://www.youtube.com/embed/0ksapLvMrgE?autoplay=0,speak_yes,donating,0,0,0,0,1,low,high,high,TeamTrees
9108274,G5e20a0a6e04f2,OK,e46e2603,172.116.205.209,United States,"Thursday, 16-Jan-20 13:37:44 EST","Thursday, 16-Jan-20 13:43:12 EST",5 minute(s) and 28 second(s),https://www.youtube.com/embed/0ksapLvMrgE?autoplay=0,speak_yes,not_recognized,1,0,1,0,1,high,high,neutral,TeamTrees
9109053,G5e20a0a6e04f2,OK,2701dd77,2601:900:8200:e90:3949:e9ef:1977:8dc,United States,"Thursday, 16-Jan-20 14:02:17 EST","Thursday, 16-Jan-20 14:09:03 EST",6 minute(s) and 46 second(s),https://www.youtube.com/embed/0ksapLvMrgE?autoplay=0,speak_yes,comment_news,1,0,0,0,1,low,low,neutral,TeamTrees
9302440,G5e32a52d59871,OK,a2d87676,70.27.253.211,Canada,"Thursday, 30-Jan-20 12:16:14 EST","Thursday, 30-Jan-20 12:18:45 EST",2 minute(s) and 31 second(s),https://www.youtube.com/embed/1p-0iUf-A9Q?autoplay=0,speak_yes,theme_creation_performance,0,0,1,0,0,TeamTrees,high,high,neutral
9303220,G5e32a52d59871,OK,9032b83f,190.201.32.36,United States,"Thursday, 30-Jan-20 13:02:29 EST","Thursday, 30-Jan-20 13:04:37 EST",2 minute(s) and 8 second(s),https://www.youtube.com/embed/1p-0iUf-A9Q?autoplay=0,speak_little,comment_news,0,1,0,0,0,TeamTrees,neutral,high,high
9303386,G5e32a52d59871,OK,4995a7e1,173.56.72.223,United States,"Thursday, 30-Jan-20 13:05:30 EST","Thursday, 30-Jan-20 13:14:52 EST",9 minute(s) and 22 second(s),https://www.youtube.com/embed/1p-0iUf-A9Q?autoplay=0,speak_yes,knowledge,0,0,1,0,0,TeamTrees,very_high,very_high,very_high
9306663,G5e32a58f31e25,OK,9032b83f,190.201.32.36,United States,"Thursday, 30-Jan-20 20:38:04 EST","Thursday, 30-Jan-20 20:43:19 EST",5 minute(s) and 15 second(s),https://www.youtube.com/embed/2HkecNkioOA?autoplay=0,speak_little,theme_creation_performance,1,1,1,0,0,TeamTrees,neutral,high,high
9301003,G5e32a58f31e25,OK,788dc2f4,154.51.186.19,United Kingdom,"Thursday, 30-Jan-20 12:21:27 EST","Thursday, 30-Jan-20 12:25:17 EST",3 minute(s) and 50 second(s),https://www.youtube.com/embed/2HkecNkioOA?autoplay=0,speak_yes,comment_news,1,1,1,0,0,TeamTrees,neutral,neutral,low
9304887,G5e32a58f31e25,OK,89a14370,2600:1702:1380:2b70:25bb:506:9da5:4ec5,United States,"Thursday, 30-Jan-20 14:29:35 EST","Thursday, 30-Jan-20 14:35:41 EST",6 minute(s) and 6 second(s),https://www.youtube.com/embed/2HkecNkioOA?autoplay=0,speak_yes,spread_word,1,1,1,1,0,TeamTrees,neutral,high,neutral
9328376,G5e33a5621e8c5,OK,325ec807,179.42.210.100,Belize,"Saturday, 01-Feb-20 12:02:18 EST","Saturday, 01-Feb-20 12:06:39 EST",4 minute(s) and 21 second(s),https://www.youtube.com/embed/3KMP6YRY60U?autoplay=0,speak_no,theme_creation_performance,0,0,0,0,0,TeamTrees,neutral,neutral,high
9313466,G5e33a5621e8c5,OK,788dc2f4,154.51.186.19,United Kingdom,"Friday, 31-Jan-20 10:09:28 EST","Friday, 31-Jan-20 10:19:20 EST",9 minute(s) and 52 second(s),https://www.youtube.com/embed/3KMP6YRY60U?autoplay=0,speak_yes,live_stream_game,0,0,1,0,0,TeamTrees,very_low,very_low,very_low
9331470,G5e33a5621e8c5,OK,3d17bb7a,186.95.61.88,United States,"Sunday, 02-Feb-20 10:21:04 EST","Sunday, 02-Feb-20 10:22:57 EST",1 minute(s) and 53 second(s),https://www.youtube.com/embed/3KMP6YRY60U?autoplay=0,speak_yes,not_recognized,0,0,0,0,0,TeamTrees,very_low,very_low,very_low
9131400,G5e23c62617513,OK,cd208517,72.27.95.55,Jamaica,"Sunday, 19-Jan-20 18:13:53 EST","Sunday, 19-Jan-20 18:24:59 EST",11 minute(s) and 6 second(s),https://www.youtube.com/embed/3fGlvusJsrI?autoplay=0,speak_yes,not_recognized,1,0,1,1,1,TeamTrees,high,high,high
9131412,G5e23c62617513,OK,1c94bf55,24.1.182.169,United States,"Sunday, 19-Jan-20 18:25:26 EST","Sunday, 19-Jan-20 18:36:03 EST",10 minute(s) and 37 second(s),https://www.youtube.com/embed/3fGlvusJsrI?autoplay=0,speak_yes,spread_word,1,0,1,0,0,TeamTrees,neutral,neutral,neutral
9133588,G5e23c62617513,OK,4995b78b,72.27.36.49,Jamaica,"Sunday, 19-Jan-20 21:10:52 EST","Sunday, 19-Jan-20 21:25:29 EST",14 minute(s) and 37 second(s),https://www.youtube.com/embed/3fGlvusJsrI?autoplay=0,speak_yes,theme_creation_object,1,0,1,0,0,TeamTrees,high,high,neutral
9306822,G5e33a620ab7cc,OK,3bcad94d,43.228.156.135,New Zealand,"Friday, 31-Jan-20 00:04:01 EST","Friday, 31-Jan-20 00:08:45 EST",4 minute(s) and 44 second(s),https://www.youtube.com/embed/8nrj_06W06c?autoplay=0,speak_yes,theme_creation_performance,1,0,0,1,1,TeamTrees,high,high,high
9327714,G5e33a620ab7cc,OK,89a14370,2600:1702:1380:2b70:a512:fe4a:ba8e:dd8c,United States,"Saturday, 01-Feb-20 09:53:23 EST","Saturday, 01-Feb-20 09:58:17 EST",4 minute(s) and 54 second(s),https://www.youtube.com/embed/8nrj_06W06c?autoplay=0,speak_yes,spread_word,1,1,1,0,0,TeamTrees,low,low,high
9403889,G5e33a620ab7cc,OK,e4052d9b,2600:6c50:580:458:b5bb:9b68:25a5:9a3a,United States,"Saturday, 08-Feb-20 12:10:23 EST","Saturday, 08-Feb-20 12:14:26 EST",4 minute(s) and 3 second(s),https://www.youtube.com/embed/8nrj_06W06c?autoplay=0,speak_yes,live_stream_game,1,1,1,0,0,TeamTrees,low,very_low,low
9129258,G5e22f3dcdb831,OK,4efaebfc,89.187.178.28,United States,"Saturday, 18-Jan-20 19:01:20 EST","Saturday, 18-Jan-20 19:05:39 EST",4 minute(s) and 19 second(s),https://www.youtube.com/embed/95Gh_RCfWrM?autoplay=0,speak_little,not_recognized,1,0,0,0,0,TeamTrees,neutral,low,low
9129036,G5e22f3dcdb831,OK,7d9fa146,186.90.182.229,United States,"Saturday, 18-Jan-20 16:12:02 EST","Saturday, 18-Jan-20 16:16:04 EST",4 minute(s) and 2 second(s),https://www.youtube.com/embed/95Gh_RCfWrM?autoplay=0,speak_little,knowledge,1,1,1,0,0,TeamTrees,very_high,very_high,very_high
9128693,G5e22f3dcdb831,OK,e46e2603,2605:e000:a792:ce00:81d:21cf:727e:c8b9,United States,"Saturday, 18-Jan-20 14:11:29 EST","Saturday, 18-Jan-20 14:15:44 EST",4 minute(s) and 15 second(s),https://www.youtube.com/embed/95Gh_RCfWrM?autoplay=0,speak_yes,spread_word,1,0,1,0,0,TeamTrees,high,high,high
9328885,G5e34e703d3a84,OK,2004ad68,23.241.57.38,United States,"Saturday, 01-Feb-20 14:21:44 EST","Saturday, 01-Feb-20 14:34:41 EST",12 minute(s) and 57 second(s),https://www.youtube.com/embed/9iHYHTFZ9To?autoplay=0,speak_yes,spread_word,1,1,1,0,1,TeamTrees,neutral,low,neutral
9324219,G5e34e703d3a84,OK,8a6a0e96,122.111.160.30,Australia,"Saturday, 01-Feb-20 05:34:03 EST","Saturday, 01-Feb-20 05:44:55 EST",10 minute(s) and 52 second(s),https://www.youtube.com/embed/9iHYHTFZ9To?autoplay=0,speak_yes,live_stream_stat,0,1,0,0,0,TeamTrees,very_high,neutral,high
9407601,G5e34e703d3a84,OK,6f508133,172.245.10.98,United States,"Saturday, 08-Feb-20 07:21:49 EST","Saturday, 08-Feb-20 07:35:06 EST",13 minute(s) and 17 second(s),https://www.youtube.com/embed/9iHYHTFZ9To?autoplay=0,speak_yes,comment_news,1,1,1,0,1,TeamTrees,low,neutral,neutral
9106874,G5e20a0a6dfdac,OK,2779e6bc,67.83.37.43,United States,"Thursday, 16-Jan-20 12:54:47 EST","Thursday, 16-Jan-20 13:00:39 EST",5 minute(s) and 52 second(s),https://www.youtube.com/embed/AYo5-OkjSk0?autoplay=0,speak_yes,spread_word,1,0,1,0,1,very_high,very_high,very_high,TeamTrees
9107017,G5e20a0a6dfdac,OK,e46e2603,172.116.205.209,United States,"Thursday, 16-Jan-20 13:00:28 EST","Thursday, 16-Jan-20 13:08:00 EST",7 minute(s) and 32 second(s),https://www.youtube.com/embed/AYo5-OkjSk0?autoplay=0,speak_yes,not_recognized,1,1,1,0,0,very_high,very_high,very_high,TeamTrees
9107801,G5e20a0a6dfdac,OK,339d4c7e,24.24.169.139,United States,"Thursday, 16-Jan-20 13:20:34 EST","Thursday, 16-Jan-20 13:23:52 EST",3 minute(s) and 18 second(s),https://www.youtube.com/embed/AYo5-OkjSk0?autoplay=0,speak_yes,planting_trees,0,1,0,0,1,very_high,high,high,TeamTrees
9352530,G5e395ee8ea4f5,OK,3bcad94d,43.228.156.184,New Zealand,"Tuesday, 04-Feb-20 09:02:17 EST","Tuesday, 04-Feb-20 09:08:41 EST",6 minute(s) and 24 second(s),https://www.youtube.com/embed/Bmc840V7aQg?autoplay=0,speak_yes,theme_creation_object,0,0,1,0,0,TeamTrees,high,high,high
9353392,G5e395ee8ea4f5,OK,325ec807,179.42.216.34,Belize,"Tuesday, 04-Feb-20 10:01:40 EST","Tuesday, 04-Feb-20 10:05:11 EST",3 minute(s) and 31 second(s),https://www.youtube.com/embed/Bmc840V7aQg?autoplay=0,speak_yes,live_stream_game,0,0,0,0,0,TeamTrees,very_high,high,high
9375270,G5e395ee8ea4f5,OK,5fb336fc,186.93.176.177,United States,"Wednesday, 05-Feb-20 16:01:36 EST","Wednesday, 05-Feb-20 16:04:54 EST",3 minute(s) and 18 second(s),https://www.youtube.com/embed/Bmc840V7aQg?autoplay=0,speak_little,theme_creation_performance,0,0,1,0,0,TeamTrees,high,high,high
9114447,G5e217bb5d78a9,OK,f51bd7bb,216.211.159.234,United States,"Friday, 17-Jan-20 04:42:32 EST","Friday, 17-Jan-20 04:55:24 EST",12 minute(s) and 52 second(s),https://www.youtube.com/embed/BnQXER2G8ok?autoplay=0,speak_yes,donating,1,1,1,0,0,TeamTrees,high,high,high
9116241,G5e217bb5d78a9,OK,1b93b6e0,96.44.146.42,United States,"Friday, 17-Jan-20 06:20:01 EST","Friday, 17-Jan-20 06:30:51 EST",10 minute(s) and 50 second(s),https://www.youtube.com/embed/BnQXER2G8ok?autoplay=0,speak_yes,planting_trees,1,1,1,1,0,TeamTrees,high,high,high
9116395,G5e217bb5d78a9,OK,45f3ac2d,92.10.164.199,United Kingdom,"Friday, 17-Jan-20 07:47:09 EST","Friday, 17-Jan-20 07:58:44 EST",11 minute(s) and 35 second(s),https://www.youtube.com/embed/BnQXER2G8ok?autoplay=0,speak_yes,spread_word,1,1,0,0,0,TeamTrees,high,high,high
9180363,G5e27d917c2c8f,OK,c48868e9,66.215.179.140,United States,"Wednesday, 22-Jan-20 01:52:32 EST","Wednesday, 22-Jan-20 01:55:04 EST",2 minute(s) and 32 second(s),https://www.youtube.com/embed/D5U2zMXfabc?autoplay=0,speak_yes,live_stream_game,0,0,1,0,1,TeamTrees,neutral,neutral,neutral
9184283,G5e27d917c2c8f,OK,4995a7e1,173.56.72.223,United States,"Wednesday, 22-Jan-20 10:22:26 EST","Wednesday, 22-Jan-20 10:25:36 EST",3 minute(s) and 10 second(s),https://www.youtube.com/embed/D5U2zMXfabc?autoplay=0,speak_yes,spread_word,0,0,1,0,0,TeamTrees,high,neutral,high
9412010,G5e27d917c2c8f,OK,5fb336fc,186.93.176.177,United States,"Saturday, 08-Feb-20 11:50:23 EST","Saturday, 08-Feb-20 11:52:54 EST",2 minute(s) and 31 second(s),https://www.youtube.com/embed/D5U2zMXfabc?autoplay=0,speak_little,theme_creation_performance,0,0,1,0,0,TeamTrees,neutral,high,high
9108565,G5e20a0a6e061f,OK,e46e2603,172.116.205.209,United States,"Thursday, 16-Jan-20 13:43:37 EST","Thursday, 16-Jan-20 13:50:24 EST",6 minute(s) and 47 second(s),https://www.youtube.com/embed/F5-Mv4ZO3fk?autoplay=0,speak_yes,not_recognized,1,0,1,0,0,high,high,high,TeamTrees
9110622,G5e20a0a6e061f,OK,eac0a6ed,201.208.11.207,United States,"Thursday, 16-Jan-20 17:04:41 EST","Thursday, 16-Jan-20 17:05:23 EST",0 minute(s) and 42 second(s),https://www.youtube.com/embed/F5-Mv4ZO3fk?autoplay=0,speak_yes,theme_creation_object,0,1,0,0,0,very_high,very_high,very_high,TeamTrees
9110943,G5e20a0a6e061f,OK,1b7aa48b,74.111.8.182,United States,"Thursday, 16-Jan-20 21:20:32 EST","Thursday, 16-Jan-20 21:22:07 EST",1 minute(s) and 35 second(s),https://www.youtube.com/embed/F5-Mv4ZO3fk?autoplay=0,speak_yes,spread_word,1,1,1,0,0,low,low,neutral,TeamTrees
9133123,G5e23c584860a5,OK,e46e2603,2605:e000:a792:ce00:8457:6ef0:2dd3:a08f,United States,"Sunday, 19-Jan-20 20:34:00 EST","Sunday, 19-Jan-20 20:36:55 EST",2 minute(s) and 55 second(s),https://www.youtube.com/embed/FLKFTh99IWE?autoplay=0,speak_yes,comment_video,1,1,1,1,0,TeamTrees,very_high,very_high,neutral
9133868,G5e23c584860a5,OK,7171fd0f,2803:1500:1201:49e7:953e:bef9:f0e1:2644,Trinidad and Tobago,"Sunday, 19-Jan-20 21:34:42 EST","Sunday, 19-Jan-20 21:36:55 EST",2 minute(s) and 13 second(s),https://www.youtube.com/embed/FLKFTh99IWE?autoplay=0,speak_yes,comment_news,1,0,1,1,0,TeamTrees,low,low,neutral
9134146,G5e23c584860a5,OK,9be5608e,95.146.251.249,United Kingdom,"Sunday, 19-Jan-20 21:40:14 EST","Sunday, 19-Jan-20 21:43:56 EST",3 minute(s) and 42 second(s),https://www.youtube.com/embed/FLKFTh99IWE?autoplay=0,speak_yes,spread_word,1,1,1,1,0,TeamTrees,high,high,high
9358699,G5e39e60332001,OK,80cab3fa,90.213.74.36,United Kingdom,"Wednesday, 05-Feb-20 05:27:39 EST","Wednesday, 05-Feb-20 05:28:07 EST",0 minute(s) and 28 second(s),https://www.youtube.com/embed/GPEt2b5L_qI?autoplay=0,speak_yes,live_stream_stat,1,0,0,1,0,TeamTrees,low,low,very_low
9359752,G5e39e60332001,OK,2004ad68,2605:e000:7c8d:3a00:407f:c394:91d7:3b21,United States,"Wednesday, 05-Feb-20 01:31:18 EST","Wednesday, 05-Feb-20 01:32:32 EST",1 minute(s) and 14 second(s),https://www.youtube.com/embed/GPEt2b5L_qI?autoplay=0,speak_yes,comment_news,1,0,0,0,0,TeamTrees,very_low,very_low,low
9372884,G5e39e60332001,OK,8545f2f8,176.253.9.59,United Kingdom,"Wednesday, 05-Feb-20 12:31:57 EST","Wednesday, 05-Feb-20 12:32:40 EST",0 minute(s) and 43 second(s),https://www.youtube.com/embed/GPEt2b5L_qI?autoplay=0,speak_yes,spread_word,1,0,1,1,0,TeamTrees,very_low,very_low,very_low
9351717,G5e395ee8d4934,OK,a4ba7ac3,2003:c5:713:8100:4d9b:f2cd:798c:52c2,United Kingdom,"Tuesday, 04-Feb-20 07:11:04 EST","Tuesday, 04-Feb-20 07:15:18 EST",4 minute(s) and 14 second(s),https://www.youtube.com/embed/GgBSwCLJC-U?autoplay=0,speak_yes,theme_creation_performance,0,0,1,0,0,TeamTrees,high,very_high,very_high
9352346,G5e395ee8d4934,OK,5fb336fc,186.93.176.177,United States,"Wednesday, 05-Feb-20 16:43:03 EST","Wednesday, 05-Feb-20 16:43:47 EST",0 minute(s) and 44 second(s),https://www.youtube.com/embed/GgBSwCLJC-U?autoplay=0,speak_little,not_recognized,0,0,1,0,0,TeamTrees,neutral,low,very_low
9356069,G5e395ee8d4934,OK,2004ad68,2605:e000:7c8d:3a00:407f:c394:91d7:3b21,United States,"Tuesday, 04-Feb-20 14:58:34 EST","Tuesday, 04-Feb-20 15:02:11 EST",3 minute(s) and 37 second(s),https://www.youtube.com/embed/GgBSwCLJC-U?autoplay=0,speak_yes,live_stream_game,0,0,0,0,0,TeamTrees,very_low,very_low,very_low
9297098,G5e32a5a20f778,OK,709fd5ef,212.219.192.59,United Kingdom,"Thursday, 30-Jan-20 04:56:52 EST","Thursday, 30-Jan-20 05:01:24 EST",4 minute(s) and 32 second(s),https://www.youtube.com/embed/LTg_J93Queo?autoplay=0,speak_yes,spread_word,0,0,1,0,0,TeamTrees,high,high,very_high
9300586,G5e32a5a20f778,OK,639a82d0,24.35.142.67,United States,"Thursday, 30-Jan-20 09:09:51 EST","Thursday, 30-Jan-20 09:16:45 EST",6 minute(s) and 54 second(s),https://www.youtube.com/embed/LTg_J93Queo?autoplay=0,speak_yes,planting_trees,0,0,1,0,0,TeamTrees,high,high,high
9298901,G5e32a5a20f778,OK,3f7ac405,98.153.62.18,United States,"Thursday, 30-Jan-20 06:15:20 EST","Thursday, 30-Jan-20 06:17:40 EST",2 minute(s) and 20 second(s),https://www.youtube.com/embed/LTg_J93Queo?autoplay=0,speak_yes,theme_creation_performance,0,0,1,0,0,TeamTrees,high,high,high
9336048,G5e35c1a2d1274,OK,6356e68a,2600:8805:800:b01:6c91:effd:4504:b209,United States,"Sunday, 02-Feb-20 23:22:01 EST","Sunday, 02-Feb-20 23:28:22 EST",6 minute(s) and 21 second(s),https://www.youtube.com/embed/LgttB-zIa4Y?autoplay=0,speak_yes,spread_word,1,1,0,0,0,TeamTrees,neutral,neutral,very_low
9331523,G5e35c1a2d1274,OK,3bcad94d,43.228.156.27,New Zealand,"Sunday, 02-Feb-20 10:45:38 EST","Sunday, 02-Feb-20 10:55:48 EST",10 minute(s) and 10 second(s),https://www.youtube.com/embed/LgttB-zIa4Y?autoplay=0,speak_yes,donating,1,1,0,0,0,TeamTrees,high,high,high
9331820,G5e35c1a2d1274,OK,89a14370,2600:1702:1380:2b70:7945:6238:526a:36c8,United States,"Sunday, 02-Feb-20 13:15:48 EST","Sunday, 02-Feb-20 13:23:14 EST",7 minute(s) and 26 second(s),https://www.youtube.com/embed/LgttB-zIa4Y?autoplay=0,speak_yes,comment_news,1,1,1,1,0,TeamTrees,low,low,low
9422846,G5e415113ce813,OK,ca7dcfcd,128.189.190.145,Canada,"Monday, 10-Feb-20 08:46:59 EST","Monday, 10-Feb-20 08:58:44 EST",11 minute(s) and 45 second(s),https://www.youtube.com/embed/LlW7Es7gStA?autoplay=0,speak_yes,comment_news,1,0,1,1,1,TeamTrees,neutral,high,neutral
9425487,G5e415113ce813,OK,5f3f46fd,2a00:23c6:e702:f800:6cbb:dfb0:d161:259d,United Kingdom,"Monday, 10-Feb-20 16:11:10 EST","Monday, 10-Feb-20 16:23:31 EST",12 minute(s) and 21 second(s),https://www.youtube.com/embed/LlW7Es7gStA?autoplay=0,speak_yes,spread_word,1,0,1,1,1,TeamTrees,high,low,high
9433963,G5e415113ce813,OK,68ed0b99,149.167.114.97,Australia,"Wednesday, 12-Feb-20 01:42:06 EST","Wednesday, 12-Feb-20 01:52:48 EST",10 minute(s) and 42 second(s),https://www.youtube.com/embed/LlW7Es7gStA?autoplay=0,speak_yes,not_recognized,1,0,1,1,1,TeamTrees,very_high,very_high,high
9131152,G5e23c626180f9,OK,45f3ac2d,92.20.102.128,United Kingdom,"Sunday, 19-Jan-20 15:38:55 EST","Sunday, 19-Jan-20 15:45:33 EST",6 minute(s) and 38 second(s),https://www.youtube.com/embed/O9N7UcdFVa8?autoplay=0,speak_yes,donating,1,0,1,0,0,TeamTrees,high,high,high
9131240,G5e23c626180f9,OK,4a204893,216.10.217.252,Jamaica,"Sunday, 19-Jan-20 16:25:55 EST","Sunday, 19-Jan-20 16:32:23 EST",6 minute(s) and 28 second(s),https://www.youtube.com/embed/O9N7UcdFVa8?autoplay=0,speak_yes,theme_creation_performance,1,0,1,0,0,TeamTrees,high,high,high
9131252,G5e23c626180f9,OK,cd208517,72.27.95.55,Jamaica,"Sunday, 19-Jan-20 16:36:08 EST","Sunday, 19-Jan-20 16:47:27 EST",11 minute(s) and 19 second(s),https://www.youtube.com/embed/O9N7UcdFVa8?autoplay=0,speak_yes,theme_creation_object,1,0,1,1,1,TeamTrees,neutral,high,neutral
9135161,G5e23c516cfcbc,OK,4995b78b,72.27.36.49,Jamaica,"Sunday, 19-Jan-20 22:46:11 EST","Sunday, 19-Jan-20 22:49:12 EST",3 minute(s) and 1 second(s),https://www.youtube.com/embed/OrKZ5hAPPZM?autoplay=0,speak_yes,knowledge,1,0,1,0,0,TeamTrees,neutral,neutral,neutral
9132659,G5e23c516cfcbc,OK,9be5608e,95.146.251.249,United Kingdom,"Sunday, 19-Jan-20 19:56:56 EST","Sunday, 19-Jan-20 19:59:46 EST",2 minute(s) and 50 second(s),https://www.youtube.com/embed/OrKZ5hAPPZM?autoplay=0,speak_yes,spread_word,1,0,1,0,0,TeamTrees,high,high,very_high
9134888,G5e23c516cfcbc,OK,7171fd0f,2803:1500:1201:49e7:953e:bef9:f0e1:2644,Trinidad and Tobago,"Sunday, 19-Jan-20 22:16:30 EST","Sunday, 19-Jan-20 22:18:58 EST",2 minute(s) and 28 second(s),https://www.youtube.com/embed/OrKZ5hAPPZM?autoplay=0,speak_yes,theme_creation_performance,1,0,1,0,0,TeamTrees,high,neutral,high
9301051,G5e32a52d58edd,OK,788dc2f4,149.14.225.106,United Kingdom,"Thursday, 30-Jan-20 10:38:01 EST","Thursday, 30-Jan-20 10:44:31 EST",6 minute(s) and 30 second(s),https://www.youtube.com/embed/PeyYmhPcOiY?autoplay=0,speak_yes,donating,1,1,1,1,0,TeamTrees,very_high,high,very_high
9306655,G5e32a52d58edd,OK,9032b83f,190.201.32.36,United States,"Friday, 31-Jan-20 07:41:45 EST","Friday, 31-Jan-20 07:48:38 EST",6 minute(s) and 53 second(s),https://www.youtube.com/embed/PeyYmhPcOiY?autoplay=0,speak_little,spread_word,1,1,1,0,0,TeamTrees,high,very_high,very_high
9410852,G5e32a52d58edd,OK,a4ba7ac3,2003:c5:713:8100:112b:6b32:fab9:4de9,United Kingdom,"Saturday, 08-Feb-20 08:25:48 EST","Saturday, 08-Feb-20 08:33:42 EST",7 minute(s) and 54 second(s),https://www.youtube.com/embed/PeyYmhPcOiY?autoplay=0,speak_yes,comment_news,1,1,1,0,0,TeamTrees,high,high,neutral
9312158,G5e33a70adb995,OK,788dc2f4,154.51.186.19,United Kingdom,"Friday, 31-Jan-20 08:18:33 EST","Friday, 31-Jan-20 08:26:41 EST",8 minute(s) and 8 second(s),https://www.youtube.com/embed/Q46iP7Ox7Vs?autoplay=0,speak_yes,comment_news,1,0,1,1,0,TeamTrees,neutral,low,neutral
9313748,G5e33a70adb995,OK,7eb41f5e,201.248.215.149,United States,"Friday, 31-Jan-20 10:34:39 EST","Friday, 31-Jan-20 10:40:03 EST",5 minute(s) and 24 second(s),https://www.youtube.com/embed/Q46iP7Ox7Vs?autoplay=0,speak_little,comment_video,0,0,1,0,0,TeamTrees,neutral,high,high
9313979,G5e33a70adb995,OK,3d17bb7a,186.95.61.88,United States,"Friday, 31-Jan-20 10:43:41 EST","Friday, 31-Jan-20 10:58:09 EST",14 minute(s) and 28 second(s),https://www.youtube.com/embed/Q46iP7Ox7Vs?autoplay=0,speak_little,theme_creation_performance,1,0,1,0,0,TeamTrees,high,high,high
9108073,G5e20a0a6e0294,OK,339d4c7e,24.24.169.139,United States,"Thursday, 16-Jan-20 13:31:17 EST","Thursday, 16-Jan-20 13:33:28 EST",2 minute(s) and 11 second(s),https://www.youtube.com/embed/SNdtMjkRVrU?autoplay=0,speak_yes,knowledge,0,0,1,0,1,very_high,high,high,TeamTrees
9108099,G5e20a0a6e0294,OK,e46e2603,172.116.205.209,United States,"Thursday, 16-Jan-20 13:27:39 EST","Thursday, 16-Jan-20 13:33:55 EST",6 minute(s) and 16 second(s),https://www.youtube.com/embed/SNdtMjkRVrU?autoplay=0,speak_yes,live_stream_game,1,0,1,0,0,high,high,neutral,TeamTrees
9108766,G5e20a0a6e0294,OK,2701dd77,2601:900:8200:e90:3949:e9ef:1977:8dc,United States,"Thursday, 16-Jan-20 13:44:27 EST","Thursday, 16-Jan-20 13:57:42 EST",13 minute(s) and 15 second(s),https://www.youtube.com/embed/SNdtMjkRVrU?autoplay=0,speak_yes,theme_creation_object,1,0,1,0,0,high,very_high,high,TeamTrees
9135350,G5e23c5848669a,OK,cd208517,72.27.95.55,Jamaica,"Sunday, 19-Jan-20 23:04:56 EST","Sunday, 19-Jan-20 23:10:49 EST",5 minute(s) and 53 second(s),https://www.youtube.com/embed/Tajqfm1h26Q?autoplay=0,speak_yes,theme_creation_performance,0,0,1,0,1,TeamTrees,neutral,neutral,neutral
9133548,G5e23c5848669a,OK,e46e2603,2605:e000:a792:ce00:8457:6ef0:2dd3:a08f,United States,"Sunday, 19-Jan-20 21:09:38 EST","Sunday, 19-Jan-20 21:14:24 EST",4 minute(s) and 46 second(s),https://www.youtube.com/embed/Tajqfm1h26Q?autoplay=0,speak_yes,live_stream_game,0,0,1,0,0,TeamTrees,very_high,very_high,high
9134820,G5e23c5848669a,OK,9be5608e,95.146.251.249,United Kingdom,"Sunday, 19-Jan-20 22:02:31 EST","Sunday, 19-Jan-20 22:07:27 EST",4 minute(s) and 56 second(s),https://www.youtube.com/embed/Tajqfm1h26Q?autoplay=0,speak_yes,spread_word,0,0,1,0,0,TeamTrees,high,high,high
9108177,G5e20a0a6e03b9,OK,e46e2603,172.116.205.209,United States,"Thursday, 16-Jan-20 13:34:15 EST","Thursday, 16-Jan-20 13:37:29 EST",3 minute(s) and 14 second(s),https://www.youtube.com/embed/VqgpU84RC2I?autoplay=0,speak_yes,live_stream_game,1,0,1,0,0,high,neutral,neutral,TeamTrees
9108155,G5e20a0a6e03b9,OK,339d4c7e,24.24.169.139,United States,"Thursday, 16-Jan-20 13:33:36 EST","Thursday, 16-Jan-20 13:35:23 EST",1 minute(s) and 47 second(s),https://www.youtube.com/embed/VqgpU84RC2I?autoplay=0,speak_yes,theme_creation_performance,0,0,1,0,0,high,high,very_high,TeamTrees
9108826,G5e20a0a6e03b9,OK,2701dd77,2601:900:8200:e90:3949:e9ef:1977:8dc,United States,"Thursday, 16-Jan-20 13:57:55 EST","Thursday, 16-Jan-20 14:02:05 EST",4 minute(s) and 10 second(s),https://www.youtube.com/embed/VqgpU84RC2I?autoplay=0,speak_yes,spread_word,1,1,1,0,0,high,very_high,high,TeamTrees
9307624,G5e33a7a0e961e,OK,c48868e9,66.215.179.140,United States,"Friday, 31-Jan-20 04:31:21 EST","Friday, 31-Jan-20 04:39:34 EST",8 minute(s) and 13 second(s),https://www.youtube.com/embed/W5u2HCxsxjM?autoplay=0,speak_little,comment_news,0,0,1,0,0,TeamTrees,very_low,low,very_low
9313439,G5e33a7a0e961e,OK,7eb41f5e,201.248.215.149,United States,"Friday, 31-Jan-20 10:10:50 EST","Friday, 31-Jan-20 10:17:18 EST",6 minute(s) and 28 second(s),https://www.youtube.com/embed/W5u2HCxsxjM?autoplay=0,speak_little,not_recognized,0,0,1,0,0,TeamTrees,low,very_low,very_low
9329523,G5e33a7a0e961e,OK,89a14370,2600:1702:1380:2b70:a059:2822:20aa:4e17,United States,"Saturday, 01-Feb-20 19:23:00 EST","Saturday, 01-Feb-20 19:30:02 EST",7 minute(s) and 2 second(s),https://www.youtube.com/embed/W5u2HCxsxjM?autoplay=0,speak_yes,spread_word,0,0,1,0,0,TeamTrees,high,high,neutral
9107489,G5e20a0a6dff13,OK,d2a83828,208.131.165.138,Jamaica,"Thursday, 16-Jan-20 13:06:38 EST","Thursday, 16-Jan-20 13:19:21 EST",12 minute(s) and 43 second(s),https://www.youtube.com/embed/WLMOmHHnddw?autoplay=0,speak_yes,planting_trees,1,0,0,1,1,high,neutral,neutral,TeamTrees
9107258,G5e20a0a6dff13,OK,e46e2603,172.116.205.209,United States,"Thursday, 16-Jan-20 13:08:21 EST","Thursday, 16-Jan-20 13:11:45 EST",3 minute(s) and 24 second(s),https://www.youtube.com/embed/WLMOmHHnddw?autoplay=0,speak_yes,spread_word,1,0,1,1,1,very_high,very_high,very_high,TeamTrees
9107853,G5e20a0a6dff13,OK,339d4c7e,24.24.169.139,United States,"Thursday, 16-Jan-20 13:24:06 EST","Thursday, 16-Jan-20 13:26:18 EST",2 minute(s) and 12 second(s),https://www.youtube.com/embed/WLMOmHHnddw?autoplay=0,speak_yes,theme_creation_object,1,0,1,1,1,low,high,high,TeamTrees
9314568,G5e33a70adbff7,OK,7eb41f5e,201.248.215.149,United States,"Friday, 31-Jan-20 11:17:55 EST","Friday, 31-Jan-20 11:21:40 EST",3 minute(s) and 45 second(s),https://www.youtube.com/embed/W_qq8nUqwYg?autoplay=0,speak_little,live_stream_game,0,0,1,0,0,TeamTrees,neutral,neutral,neutral
9315543,G5e33a70adbff7,OK,3bcad94d,43.228.156.59,New Zealand,"Friday, 31-Jan-20 12:07:40 EST","Friday, 31-Jan-20 12:18:58 EST",11 minute(s) and 18 second(s),https://www.youtube.com/embed/W_qq8nUqwYg?autoplay=0,speak_yes,knowledge,1,1,0,0,0,TeamTrees,high,high,high
9328227,G5e33a70adbff7,OK,89a14370,2600:1702:1380:2b70:a512:fe4a:ba8e:dd8c,United States,"Saturday, 01-Feb-20 11:18:26 EST","Saturday, 01-Feb-20 11:30:32 EST",12 minute(s) and 6 second(s),https://www.youtube.com/embed/W_qq8nUqwYg?autoplay=0,speak_yes,spread_word,0,1,0,0,0,TeamTrees,neutral,neutral,neutral
9336423,G5e379972a0d9c,OK,dec59722,67.68.214.147,Canada,"Monday, 03-Feb-20 03:07:17 EST","Monday, 03-Feb-20 03:18:24 EST",11 minute(s) and 7 second(s),https://www.youtube.com/embed/WfezB3DEAmI?autoplay=0,speak_yes,not_recognized,1,0,0,0,0,TeamTrees,very_low,low,neutral
9342284,G5e379972a0d9c,OK,3bcad94d,43.228.156.21,New Zealand,"Monday, 03-Feb-20 10:37:31 EST","Monday, 03-Feb-20 10:48:21 EST",10 minute(s) and 50 second(s),https://www.youtube.com/embed/WfezB3DEAmI?autoplay=0,speak_yes,theme_creation_performance,1,0,0,0,0,TeamTrees,high,high,high
9344904,G5e379972a0d9c,OK,1b7aa48b,74.111.8.182,United States,"Monday, 03-Feb-20 15:40:49 EST","Monday, 03-Feb-20 15:51:08 EST",10 minute(s) and 19 second(s),https://www.youtube.com/embed/WfezB3DEAmI?autoplay=0,speak_yes,knowledge,1,0,1,0,0,TeamTrees,high,high,high
9175044,G5e25466848d73,OK,b1027564,172.2.244.177,United States,"Tuesday, 21-Jan-20 21:20:58 EST","Tuesday, 21-Jan-20 21:22:42 EST",1 minute(s) and 44 second(s),https://www.youtube.com/embed/YAxs1qLXWBE?autoplay=0,speak_yes,theme_creation_performance,1,1,1,1,0,TeamTrees,high,high,high
9144227,G5e25466848d73,OK,89163bcc,2601:151:4580:1950:f475:1dff:4b3d:8553,United States,"Monday, 20-Jan-20 12:26:25 EST","Monday, 20-Jan-20 12:30:58 EST",4 minute(s) and 33 second(s),https://www.youtube.com/embed/YAxs1qLXWBE?autoplay=0,speak_yes,donating,0,0,1,0,0,TeamTrees,high,high,high
9144215,G5e25466848d73,OK,4995b78b,72.27.36.49,Jamaica,"Monday, 20-Jan-20 12:22:25 EST","Monday, 20-Jan-20 12:25:07 EST",2 minute(s) and 42 second(s),https://www.youtube.com/embed/YAxs1qLXWBE?autoplay=0,speak_yes,spread_word,0,0,1,0,0,TeamTrees,neutral,very_low,low
9342491,G5e379972a0fd7,OK,3bcad94d,43.228.156.21,New Zealand,"Monday, 03-Feb-20 11:19:02 EST","Monday, 03-Feb-20 11:33:13 EST",14 minute(s) and 11 second(s),https://www.youtube.com/embed/ZOD_zGZrgNY?autoplay=0,speak_no,live_stream_game,0,0,0,0,0,TeamTrees,neutral,neutral,neutral
9345311,G5e379972a0fd7,OK,396c73bd,2600:6c46:6c00:1a45:744a:8bc6:7839:4075,United States,"Monday, 03-Feb-20 15:19:51 EST","Monday, 03-Feb-20 15:28:48 EST",8 minute(s) and 57 second(s),https://www.youtube.com/embed/ZOD_zGZrgNY?autoplay=0,speak_no,not_recognized,0,0,0,0,0,TeamTrees,low,neutral,neutral
9346463,G5e379972a0fd7,OK,4c8acb4b,186.95.206.48,United States,"Monday, 03-Feb-20 16:18:21 EST","Monday, 03-Feb-20 16:19:49 EST",1 minute(s) and 28 second(s),https://www.youtube.com/embed/ZOD_zGZrgNY?autoplay=0,speak_no,theme_creation_performance,1,0,1,1,0,TeamTrees,low,very_high,very_high
9185808,G5e27d917c3520,OK,d9f60050,23.249.172.48,United States,"Wednesday, 22-Jan-20 11:04:58 EST","Wednesday, 22-Jan-20 11:18:07 EST",13 minute(s) and 9 second(s),https://www.youtube.com/embed/Zf1bUJZNWY0?autoplay=0,speak_yes,spread_word,1,1,1,0,0,TeamTrees,neutral,neutral,high
9192679,G5e27d917c3520,OK,1a2fe10c,104.8.198.104,United States,"Wednesday, 22-Jan-20 17:14:50 EST","Wednesday, 22-Jan-20 17:26:27 EST",11 minute(s) and 37 second(s),https://www.youtube.com/embed/Zf1bUJZNWY0?autoplay=0,speak_yes,donating,1,1,0,0,1,TeamTrees,very_high,very_high,very_high
9404089,G5e27d917c3520,OK,5fb336fc,186.93.176.177,United States,"Friday, 07-Feb-20 15:36:16 EST","Friday, 07-Feb-20 15:44:53 EST",8 minute(s) and 37 second(s),https://www.youtube.com/embed/Zf1bUJZNWY0?autoplay=0,speak_little,comment_news,1,0,1,0,0,TeamTrees,high,high,high
9330712,G5e35c1a2d0d17,OK,e68c2f13,121.208.33.84,Australia,"Monday, 03-Feb-20 03:54:16 EST","Monday, 03-Feb-20 03:58:26 EST",4 minute(s) and 10 second(s),https://www.youtube.com/embed/_jwXnEYzDkw?autoplay=0,speak_yes,planting_trees,1,1,1,1,1,TeamTrees,high,high,high
9336447,G5e35c1a2d0d17,OK,dec59722,67.68.214.147,Canada,"Monday, 03-Feb-20 03:34:45 EST","Monday, 03-Feb-20 03:36:14 EST",1 minute(s) and 29 second(s),https://www.youtube.com/embed/_jwXnEYzDkw?autoplay=0,speak_yes,spread_word,1,0,1,0,0,TeamTrees,very_low,very_low,low
9331496,G5e35c1a2d0d17,OK,6356e68a,2600:8805:800:b01:7548:b2d2:d02:c28a,United States,"Sunday, 02-Feb-20 10:30:13 EST","Sunday, 02-Feb-20 10:35:52 EST",5 minute(s) and 39 second(s),https://www.youtube.com/embed/_jwXnEYzDkw?autoplay=0,speak_yes,comment_video,1,1,1,1,0,TeamTrees,neutral,very_low,neutral
9307281,G5e33a5621e352,OK,3f7ac405,98.153.62.18,United States,"Friday, 31-Jan-20 03:40:43 EST","Friday, 31-Jan-20 03:43:26 EST",2 minute(s) and 43 second(s),https://www.youtube.com/embed/fCCK9nHUuCE?autoplay=0,speak_yes,not_recognized,1,1,1,0,0,TeamTrees,neutral,high,high
9306966,G5e33a5621e352,OK,c48868e9,66.215.179.140,United States,"Friday, 31-Jan-20 01:04:22 EST","Friday, 31-Jan-20 01:11:40 EST",7 minute(s) and 18 second(s),https://www.youtube.com/embed/fCCK9nHUuCE?autoplay=0,speak_little,spread_word,1,1,1,0,0,TeamTrees,neutral,low,neutral
9306858,G5e33a5621e352,OK,3bcad94d,43.228.156.59,New Zealand,"Friday, 31-Jan-20 09:37:20 EST","Friday, 31-Jan-20 09:46:09 EST",8 minute(s) and 49 second(s),https://www.youtube.com/embed/fCCK9nHUuCE?autoplay=0,speak_yes,donating,1,1,1,1,0,TeamTrees,high,high,high
9128520,G5e22f407cbe2e,OK,e46e2603,2605:e000:a792:ce00:81d:21cf:727e:c8b9,United States,"Saturday, 18-Jan-20 12:35:04 EST","Saturday, 18-Jan-20 12:45:33 EST",10 minute(s) and 29 second(s),https://www.youtube.com/embed/g5bEYs9QzC8?autoplay=0,speak_yes,spread_word,1,0,1,0,0,TeamTrees,very_high,very_high,very_high
9129409,G5e22f407cbe2e,OK,d2a83828,208.131.165.138,Jamaica,"Saturday, 18-Jan-20 20:50:29 EST","Saturday, 18-Jan-20 21:03:24 EST",12 minute(s) and 55 second(s),https://www.youtube.com/embed/g5bEYs9QzC8?autoplay=0,speak_yes,donating,1,0,0,1,0,TeamTrees,very_high,very_high,high
9131308,G5e22f407cbe2e,OK,cd208517,72.27.95.55,Jamaica,"Sunday, 19-Jan-20 17:06:25 EST","Sunday, 19-Jan-20 17:19:46 EST",13 minute(s) and 21 second(s),https://www.youtube.com/embed/g5bEYs9QzC8?autoplay=0,speak_yes,theme_creation_performance,1,0,1,1,1,TeamTrees,high,high,high
9315250,G5e33a70adc20c,OK,7eb41f5e,201.248.215.149,United States,"Friday, 31-Jan-20 11:34:10 EST","Friday, 31-Jan-20 11:47:47 EST",13 minute(s) and 37 second(s),https://www.youtube.com/embed/gfqDmQGvSVk?autoplay=0,speak_little,comment_news,0,0,1,0,0,TeamTrees,neutral,neutral,high
9316582,G5e33a70adc20c,OK,c48868e9,66.215.179.140,United States,"Friday, 31-Jan-20 13:02:29 EST","Friday, 31-Jan-20 13:07:47 EST",5 minute(s) and 18 second(s),https://www.youtube.com/embed/gfqDmQGvSVk?autoplay=0,speak_little,knowledge,1,0,1,0,0,TeamTrees,neutral,neutral,neutral
9340301,G5e33a70adc20c,OK,a4ba7ac3,2003:c5:713:8100:48ad:bfae:2320:c846,United Kingdom,"Monday, 03-Feb-20 08:30:14 EST","Monday, 03-Feb-20 08:35:47 EST",5 minute(s) and 33 second(s),https://www.youtube.com/embed/gfqDmQGvSVk?autoplay=0,speak_yes,spread_word,1,0,1,0,0,TeamTrees,neutral,neutral,neutral
9180473,G5e27d917c3245,OK,c48868e9,66.215.179.140,United States,"Wednesday, 22-Jan-20 02:33:57 EST","Wednesday, 22-Jan-20 02:45:22 EST",11 minute(s) and 25 second(s),https://www.youtube.com/embed/gfwX5niNBdY?autoplay=0,speak_yes,knowledge,0,0,0,0,0,TeamTrees,high,neutral,neutral
9180482,G5e27d917c3245,OK,f3dbc745,71.84.201.36,United States,"Wednesday, 22-Jan-20 13:29:32 EST","Wednesday, 22-Jan-20 13:29:44 EST",0 minute(s) and 12 second(s),https://www.youtube.com/embed/gfwX5niNBdY?autoplay=0,speak_yes,theme_creation_object,1,1,1,1,1,TeamTrees,very_high,very_high,very_high
9407595,G5e27d917c3245,OK,6f508133,172.245.10.98,United States,"Saturday, 08-Feb-20 03:22:46 EST","Saturday, 08-Feb-20 03:29:54 EST",7 minute(s) and 8 second(s),https://www.youtube.com/embed/gfwX5niNBdY?autoplay=0,speak_yes,spread_word,0,1,1,0,0,TeamTrees,high,high,high
9131534,G5e23c516cf575,OK,9be5608e,95.146.251.249,United Kingdom,"Sunday, 19-Jan-20 18:50:04 EST","Sunday, 19-Jan-20 19:01:51 EST",11 minute(s) and 47 second(s),https://www.youtube.com/embed/iW4lHAYAO28?autoplay=0,speak_yes,spread_word,1,1,1,0,0,TeamTrees,high,high,high
9132112,G5e23c516cf575,OK,e46e2603,2605:e000:a792:ce00:8457:6ef0:2dd3:a08f,United States,"Sunday, 19-Jan-20 19:21:04 EST","Sunday, 19-Jan-20 19:30:44 EST",9 minute(s) and 40 second(s),https://www.youtube.com/embed/iW4lHAYAO28?autoplay=0,speak_yes,not_recognized,1,1,1,0,0,TeamTrees,very_high,very_high,very_high
9133557,G5e23c516cf575,OK,cd208517,72.27.95.55,Jamaica,"Sunday, 19-Jan-20 21:09:08 EST","Sunday, 19-Jan-20 21:19:17 EST",10 minute(s) and 9 second(s),https://www.youtube.com/embed/iW4lHAYAO28?autoplay=0,speak_yes,knowledge,1,1,1,1,1,TeamTrees,high,high,high
9130626,G5e22f3dcdb4df,OK,78cdb077,76.65.177.43,Canada,"Sunday, 19-Jan-20 09:33:03 EST","Sunday, 19-Jan-20 09:43:33 EST",10 minute(s) and 30 second(s),https://www.youtube.com/embed/jdW33V9Fokw?autoplay=0,speak_yes,donating,0,0,1,0,0,TeamTrees,high,very_high,very_high
9129383,G5e22f3dcdb4df,OK,d2a83828,208.131.165.138,Jamaica,"Saturday, 18-Jan-20 20:38:33 EST","Saturday, 18-Jan-20 20:49:04 EST",10 minute(s) and 31 second(s),https://www.youtube.com/embed/jdW33V9Fokw?autoplay=0,speak_yes,spread_word,1,0,1,1,0,TeamTrees,low,low,neutral
9129255,G5e22f3dcdb4df,OK,4efaebfc,89.187.178.28,United States,"Saturday, 18-Jan-20 18:43:12 EST","Saturday, 18-Jan-20 18:54:03 EST",10 minute(s) and 51 second(s),https://www.youtube.com/embed/jdW33V9Fokw?autoplay=0,speak_little,theme_creation_performance,1,0,1,0,0,TeamTrees,neutral,neutral,neutral
9108159,G5e209fadda9e1,OK,2779e6bc,67.83.37.43,United States,"Thursday, 16-Jan-20 13:31:14 EST","Thursday, 16-Jan-20 13:35:31 EST",4 minute(s) and 17 second(s),https://www.youtube.com/embed/l9q22egaqGY?autoplay=0,speak_yes,theme_creation_performance,1,0,1,0,1,very_high,very_high,very_high,TeamTrees
9107011,G5e209fadda9e1,OK,613ce543,76.210.30.168,United States,"Thursday, 16-Jan-20 12:56:49 EST","Thursday, 16-Jan-20 13:07:52 EST",11 minute(s) and 3 second(s),https://www.youtube.com/embed/l9q22egaqGY?autoplay=0,speak_yes,spread_word,1,0,1,0,1,high,high,high,TeamTrees
9109327,G5e209fadda9e1,OK,2701dd77,2601:900:8200:e90:3949:e9ef:1977:8dc,United States,"Thursday, 16-Jan-20 14:20:31 EST","Thursday, 16-Jan-20 14:28:27 EST",7 minute(s) and 56 second(s),https://www.youtube.com/embed/l9q22egaqGY?autoplay=0,speak_yes,not_recognized,1,0,1,0,1,high,high,neutral,TeamTrees
9109923,G5e209fa145b67,OK,45f3ac2d,79.71.129.218,United Kingdom,"Thursday, 16-Jan-20 14:47:44 EST","Thursday, 16-Jan-20 14:51:51 EST",4 minute(s) and 7 second(s),https://www.youtube.com/embed/lHsymdFIu0U?autoplay=0,speak_yes,live_stream_stat,1,0,1,0,1,high,high,neutral,TeamTrees
9110461,G5e209fa145b67,OK,1dff5063,173.242.133.207,United States,"Thursday, 16-Jan-20 15:45:38 EST","Thursday, 16-Jan-20 15:49:03 EST",3 minute(s) and 25 second(s),https://www.youtube.com/embed/lHsymdFIu0U?autoplay=0,speak_yes,comment_news,1,0,1,0,1,high,high,high,TeamTrees
9110479,G5e209fa145b67,OK,4a204893,72.252.198.3,Jamaica,"Thursday, 16-Jan-20 15:55:03 EST","Thursday, 16-Jan-20 15:59:58 EST",4 minute(s) and 55 second(s),https://www.youtube.com/embed/lHsymdFIu0U?autoplay=0,speak_yes,spread_word,1,0,1,0,1,very_high,very_high,high,TeamTrees
9109826,G5e209faddae61,OK,e46e2603,172.116.205.209,United States,"Thursday, 16-Jan-20 14:40:38 EST","Thursday, 16-Jan-20 14:46:20 EST",5 minute(s) and 42 second(s),https://www.youtube.com/embed/m_IcLoPpwQs?autoplay=0,speak_yes,donating,1,0,1,0,0,high,high,high,TeamTrees
9111163,G5e209faddae61,OK,0b087068,2402:800:637c:b5d5:301b:e71d:7337:5de8,Vietnam,"Thursday, 16-Jan-20 23:25:56 EST","Thursday, 16-Jan-20 23:30:09 EST",4 minute(s) and 13 second(s),https://www.youtube.com/embed/m_IcLoPpwQs?autoplay=0,speak_yes,spread_word,0,0,0,0,0,neutral,neutral,neutral,TeamTrees
9110791,G5e209faddae61,OK,4a204893,216.10.217.20,Jamaica,"Thursday, 16-Jan-20 19:01:43 EST","Thursday, 16-Jan-20 19:06:28 EST",4 minute(s) and 45 second(s),https://www.youtube.com/embed/m_IcLoPpwQs?autoplay=0,speak_yes,knowledge,1,0,1,0,0,very_high,very_high,very_high,TeamTrees
9110544,G5e209fa145f45,OK,45f3ac2d,79.71.129.218,United Kingdom,"Thursday, 16-Jan-20 16:14:42 EST","Thursday, 16-Jan-20 16:17:39 EST",2 minute(s) and 57 second(s),https://www.youtube.com/embed/s7ijm8YOdSU?autoplay=0,speak_yes,live_stream_stat,1,0,1,1,1,neutral,neutral,low,TeamTrees
9110806,G5e209fa145f45,OK,e46e2603,172.116.205.209,United States,"Thursday, 16-Jan-20 19:11:40 EST","Thursday, 16-Jan-20 19:15:19 EST",3 minute(s) and 39 second(s),https://www.youtube.com/embed/s7ijm8YOdSU?autoplay=0,speak_yes,not_recognized,1,0,1,1,1,very_high,very_high,high,TeamTrees
9110812,G5e209fa145f45,OK,2701dd77,2601:900:8200:e90:3949:e9ef:1977:8dc,United States,"Thursday, 16-Jan-20 19:14:00 EST","Thursday, 16-Jan-20 19:18:50 EST",4 minute(s) and 50 second(s),https://www.youtube.com/embed/s7ijm8YOdSU?autoplay=0,speak_yes,comment_news,1,0,1,0,1,high,low,high,TeamTrees
9131059,G5e22f407cb89f,OK,cd208517,72.27.95.55,Jamaica,"Sunday, 19-Jan-20 14:20:40 EST","Sunday, 19-Jan-20 14:34:53 EST",14 minute(s) and 13 second(s),https://www.youtube.com/embed/tHvnKa_mCic?autoplay=0,speak_yes,theme_creation_object,1,1,1,1,1,TeamTrees,neutral,high,high
9129486,G5e22f407cb89f,OK,d2a83828,208.131.165.138,Jamaica,"Saturday, 18-Jan-20 21:32:26 EST","Saturday, 18-Jan-20 21:46:19 EST",13 minute(s) and 53 second(s),https://www.youtube.com/embed/tHvnKa_mCic?autoplay=0,speak_yes,donating,1,1,1,0,0,TeamTrees,very_high,very_high,neutral
9128930,G5e22f407cb89f,OK,2701dd77,2601:900:8200:e90:24f4:842e:16b8:e927,United States,"Saturday, 18-Jan-20 15:29:51 EST","Saturday, 18-Jan-20 15:40:58 EST",11 minute(s) and 7 second(s),https://www.youtube.com/embed/tHvnKa_mCic?autoplay=0,speak_yes,live_stream_game,1,1,0,0,0,TeamTrees,very_high,high,high
9110477,G5e20a0a6e0876,OK,1dff5063,173.242.133.207,United States,"Thursday, 16-Jan-20 15:56:09 EST","Thursday, 16-Jan-20 15:58:52 EST",2 minute(s) and 43 second(s),https://www.youtube.com/embed/tNJCYwual9Q?autoplay=0,speak_yes,theme_creation_performance,0,0,1,1,0,high,very_high,high,TeamTrees
9110483,G5e20a0a6e0876,OK,eac0a6ed,201.208.11.207,United States,"Thursday, 16-Jan-20 15:56:54 EST","Thursday, 16-Jan-20 16:00:50 EST",3 minute(s) and 56 second(s),https://www.youtube.com/embed/tNJCYwual9Q?autoplay=0,speak_yes,live_stream_game,0,1,1,0,0,very_high,very_high,very_high,TeamTrees
9110648,G5e20a0a6e0876,OK,2c44a3a6,186.95.33.154,United States,"Thursday, 16-Jan-20 17:06:34 EST","Thursday, 16-Jan-20 17:12:49 EST",6 minute(s) and 15 second(s),https://www.youtube.com/embed/tNJCYwual9Q?autoplay=0,speak_little,theme_creation_object,1,1,1,0,1,high,very_high,neutral,TeamTrees
9385788,G5e3c0472b0c88,OK,80cab3fa,2a02:c7d:5b7a:3800:9d7:57fa:2270:3fcd,United Kingdom,"Thursday, 06-Feb-20 10:21:46 EST","Thursday, 06-Feb-20 10:25:46 EST",4 minute(s) and 0 second(s),https://www.youtube.com/embed/vdA5bRDT8Ls?autoplay=0,speak_yes,comment_news,1,0,0,1,1,TeamTrees,neutral,neutral,high
9393794,G5e3c0472b0c88,OK,8e7b6176,72.17.88.235,United States,"Thursday, 06-Feb-20 21:33:45 EST","Thursday, 06-Feb-20 21:45:11 EST",11 minute(s) and 26 second(s),https://www.youtube.com/embed/vdA5bRDT8Ls?autoplay=0,speak_yes,donating,1,1,1,1,0,TeamTrees,neutral,neutral,neutral
9393786,G5e3c0472b0c88,OK,665214a8,2601:486:100:3280:7018:5174:61fe:3fd6,United States,"Thursday, 06-Feb-20 21:35:35 EST","Thursday, 06-Feb-20 21:39:10 EST",3 minute(s) and 35 second(s),https://www.youtube.com/embed/vdA5bRDT8Ls?autoplay=0,speak_yes,live_stream_stat,1,0,1,1,1,TeamTrees,low,neutral,very_high
9132104,G5e23c516cf81e,OK,9be5608e,95.146.251.249,United Kingdom,"Sunday, 19-Jan-20 19:28:04 EST","Sunday, 19-Jan-20 19:30:32 EST",2 minute(s) and 28 second(s),https://www.youtube.com/embed/yVT41UoJBXM?autoplay=0,speak_yes,live_stream_stat,1,0,0,1,0,TeamTrees,low,low,high
9135005,G5e23c516cf81e,OK,4995b78b,72.27.36.49,Jamaica,"Sunday, 19-Jan-20 22:41:52 EST","Sunday, 19-Jan-20 22:45:51 EST",3 minute(s) and 59 second(s),https://www.youtube.com/embed/yVT41UoJBXM?autoplay=0,speak_yes,not_recognized,1,0,1,1,0,TeamTrees,neutral,neutral,neutral
9135122,G5e23c516cf81e,OK,7171fd0f,170.84.8.116,Trinidad and Tobago,"Sunday, 19-Jan-20 22:46:58 EST","Sunday, 19-Jan-20 22:48:18 EST",1 minute(s) and 20 second(s),https://www.youtube.com/embed/yVT41UoJBXM?autoplay=0,speak_yes,spread_word,0,0,1,0,0,TeamTrees,neutral,neutral,neutral
9330047,G5e35c1f45b443,OK,8a6a0e96,122.111.160.30,Australia,"Sunday, 02-Feb-20 01:10:13 EST","Sunday, 02-Feb-20 01:12:52 EST",2 minute(s) and 39 second(s),https://www.youtube.com/embed/yfdl6Ijzpr8?autoplay=0,speak_no,knowledge,0,0,1,0,0,TeamTrees,neutral,neutral,neutral
9331289,G5e35c1f45b443,OK,3bcad94d,43.228.156.27,New Zealand,"Sunday, 02-Feb-20 09:36:30 EST","Sunday, 02-Feb-20 09:45:08 EST",8 minute(s) and 38 second(s),https://www.youtube.com/embed/yfdl6Ijzpr8?autoplay=0,speak_yes,donating,0,1,1,0,0,TeamTrees,high,high,high
9336270,G5e35c1f45b443,OK,2004ad68,2605:e000:7c8d:3a00:407f:c394:91d7:3b21,United States,"Monday, 03-Feb-20 01:41:41 EST","Monday, 03-Feb-20 01:43:59 EST",2 minute(s) and 18 second(s),https://www.youtube.com/embed/yfdl6Ijzpr8?autoplay=0,speak_yes,spread_word,0,0,1,0,0,TeamTrees,very_high,high,high
9389896,G5e3c096bc7474,OK,e18729fe,24.76.93.26,Canada,"Thursday, 06-Feb-20 16:18:39 EST","Thursday, 06-Feb-20 16:28:08 EST",9 minute(s) and 29 second(s),https://www.youtube.com/embed/yokGFB-d6Vg?autoplay=0,speak_no,planting_trees,1,0,1,0,0,TeamTrees,very_high,very_high,neutral
9389668,G5e3c096bc7474,OK,80cab3fa,2a02:c7d:5b7a:3800:9d7:57fa:2270:3fcd,United Kingdom,"Thursday, 06-Feb-20 15:16:40 EST","Thursday, 06-Feb-20 15:25:56 EST",9 minute(s) and 16 second(s),https://www.youtube.com/embed/yokGFB-d6Vg?autoplay=0,speak_no,comment_news,1,1,1,1,1,TeamTrees,neutral,low,high
9396625,G5e3c096bc7474,OK,a4ba7ac3,2003:c5:713:8100:a9cd:57ff:aea4:d983,United Kingdom,"Friday, 07-Feb-20 06:17:59 EST","Friday, 07-Feb-20 06:28:45 EST",10 minute(s) and 46 second(s),https://www.youtube.com/embed/yokGFB-d6Vg?autoplay=0,speak_yes,theme_creation_performance,1,1,1,0,1,TeamTrees,very_high,very_high,very_high
